720575940602120928 720575940613867938 14
720575940602120928 720575940617653277 5
720575940602120928 720575940620203502 6
720575940602120928 720575940624662508 6
720575940602120928 720575940626201372 27
720575940602120928 720575940627850618 5
720575940602120928 720575940632522848 6
720575940602120928 720575940634458719 29
720575940602120928 720575940636471408 8
720575940602120928 720575940636573108 8
720575940602120928 720575940641972384 8
720575940602483424 720575940602120928 15
720575940602483424 720575940604445868 28
720575940602483424 720575940607262219 10
720575940602483424 720575940609996773 6
720575940602483424 720575940613034602 8
720575940602483424 720575940613867938 67
720575940602483424 720575940616951739 6
720575940602483424 720575940617034398 7
720575940602483424 720575940617653277 5
720575940602483424 720575940620931348 6
720575940602483424 720575940622304243 19
720575940602483424 720575940624662508 9
720575940602483424 720575940624698170 23
720575940602483424 720575940628403791 66
720575940602483424 720575940628538732 20
720575940602483424 720575940631947095 40
720575940602483424 720575940632522848 7
720575940602483424 720575940634458719 38
720575940602483424 720575940635106202 12
720575940602483424 720575940635678871 5
720575940602483424 720575940636471408 7
720575940602483424 720575940636573108 34
720575940602483424 720575940641972384 7
720575940602483424 720575940643826212 17
720575940602483424 720575940644639342 13
720575940604088288 720575940605074278 15
720575940604088288 720575940606149321 78
720575940604088288 720575940606218528 24
720575940604088288 720575940608545219 98
720575940604088288 720575940610228344 7
720575940604088288 720575940610455781 8
720575940604088288 720575940610653462 52
720575940604088288 720575940612710883 28
720575940604088288 720575940615592961 40
720575940604088288 720575940615635037 6
720575940604088288 720575940616054843 9
720575940604088288 720575940617245652 45
720575940604088288 720575940618183765 11
720575940604088288 720575940618932763 39
720575940604088288 720575940619822784 8
720575940604088288 720575940620565057 9
720575940604088288 720575940620943969 167
720575940604088288 720575940621554112 84
720575940604088288 720575940622843530 96
720575940604088288 720575940624394790 18
720575940604088288 720575940625600284 48
720575940604088288 720575940626139175 12
720575940604088288 720575940626833994 30
720575940604088288 720575940627662279 20
720575940604088288 720575940628112231 52
720575940604088288 720575940628350567 6
720575940604088288 720575940630311383 10
720575940604088288 720575940630344396 5
720575940604088288 720575940630396022 34
720575940604088288 720575940630548035 34
720575940604088288 720575940630733884 55
720575940604088288 720575940631022336 5
720575940604088288 720575940632472850 94
720575940604088288 720575940632764883 11
720575940604088288 720575940632807193 7
720575940604088288 720575940637755507 24
720575940604088288 720575940640406094 11
720575940604088288 720575940652283126 44
720575940604445868 720575940610313570 5
720575940604445868 720575940613034602 6
720575940604445868 720575940613867938 31
720575940604445868 720575940616907678 5
720575940604445868 720575940617034398 11
720575940604445868 720575940617653277 7
720575940604445868 720575940618475101 5
720575940604445868 720575940619675712 5
720575940604445868 720575940622304243 21
720575940604445868 720575940623725972 6
720575940604445868 720575940624407944 12
720575940604445868 720575940627850618 5
720575940604445868 720575940628403791 20
720575940604445868 720575940628538732 21
720575940604445868 720575940630057979 5
720575940604445868 720575940631947095 14
720575940604445868 720575940632472850 5
720575940604445868 720575940633300148 13
720575940604445868 720575940634458719 37
720575940604445868 720575940636471408 6
720575940604445868 720575940636573108 44
720575940604445868 720575940637834301 6
720575940604445868 720575940641972384 8
720575940604445868 720575940643826212 6
720575940604445868 720575940644639342 9
720575940604445868 720575940646518382 5
720575940604470240 720575940608763512 6
720575940604470240 720575940610455781 16
720575940604470240 720575940618364480 26
720575940604470240 720575940619675712 5
720575940604470240 720575940620356545 6
720575940604470240 720575940620424472 8
720575940604470240 720575940621431492 15
720575940604470240 720575940622998627 5
720575940604470240 720575940623855397 7
720575940604470240 720575940624004535 7
720575940604470240 720575940624394790 54
720575940604470240 720575940626885124 11
720575940604470240 720575940632522848 5
720575940604470240 720575940633205295 5
720575940604470240 720575940634866586 21
720575940604470240 720575940635130905 5
720575940604470240 720575940636910825 11
720575940604938342 720575940606149321 24
720575940604938342 720575940608545219 20
720575940604938342 720575940617245652 16
720575940604938342 720575940620943969 7
720575940604938342 720575940624068028 7
720575940604938342 720575940624463242 11
720575940604938342 720575940625518736 6
720575940604938342 720575940628865644 19
720575940604938342 720575940630344396 8
720575940604938342 720575940632472850 31
720575940604938342 720575940639417728 7
720575940604938342 720575940643754862 12
720575940605074278 720575940606446770 13
720575940605074278 720575940607800242 5
720575940605074278 720575940609996773 5
720575940605074278 720575940611401709 10
720575940605074278 720575940613034602 13
720575940605074278 720575940613867938 18
720575940605074278 720575940614987276 6
720575940605074278 720575940615635037 6
720575940605074278 720575940616054843 7
720575940605074278 720575940617653277 12
720575940605074278 720575940618183765 14
720575940605074278 720575940619688688 7
720575940605074278 720575940620943969 73
720575940605074278 720575940621554112 6
720575940605074278 720575940622680724 7
720575940605074278 720575940623776743 8
720575940605074278 720575940626793831 5
720575940605074278 720575940627850618 13
720575940605074278 720575940628403791 67
720575940605074278 720575940628463468 13
720575940605074278 720575940628837650 6
720575940605074278 720575940630396022 9
720575940605074278 720575940630733884 6
720575940605074278 720575940632807193 49
720575940605074278 720575940633300148 5
720575940605074278 720575940633350812 8
720575940605074278 720575940633677167 10
720575940605074278 720575940634829168 7
720575940605074278 720575940635967886 5
720575940605074278 720575940637175349 6
720575940605074278 720575940640176848 19
720575940605074278 720575940640992731 10
720575940605302974 720575940610373326 9
720575940605302974 720575940610455781 16
720575940605302974 720575940610653462 6
720575940605302974 720575940618364480 22
720575940605302974 720575940620203502 5
720575940605302974 720575940620356545 49
720575940605302974 720575940620424472 5
720575940605302974 720575940621431492 11
720575940605302974 720575940624004535 5
720575940605302974 720575940624068028 9
720575940605302974 720575940624407944 5
720575940605302974 720575940624463242 6
720575940605302974 720575940625518736 45
720575940605302974 720575940627670032 11
720575940605302974 720575940628538732 6
720575940605302974 720575940628865644 6
720575940605302974 720575940630344396 16
720575940605302974 720575940630548035 5
720575940605302974 720575940636910825 24
720575940605302974 720575940642198491 6
720575940605302974 720575940646518382 21
720575940605423806 720575940609996773 5
720575940605423806 720575940627796298 38
720575940605423806 720575940635678871 60
720575940605423806 720575940641193717 7
720575940605423806 720575940641972384 6
720575940605648002 720575940606149321 5
720575940605648002 720575940623957173 12
720575940605648002 720575940626783065 6
720575940605648002 720575940628403791 10
720575940606149321 720575940604088288 39
720575940606149321 720575940604938342 20
720575940606149321 720575940608336514 11
720575940606149321 720575940608545219 27
720575940606149321 720575940610228344 15
720575940606149321 720575940616054843 6
720575940606149321 720575940616451909 12
720575940606149321 720575940617110555 8
720575940606149321 720575940617362772 12
720575940606149321 720575940618248129 6
720575940606149321 720575940618932763 6
720575940606149321 720575940620943969 21
720575940606149321 720575940621554112 16
720575940606149321 720575940622503133 6
720575940606149321 720575940622843530 5
720575940606149321 720575940624068028 11
720575940606149321 720575940624394790 5
720575940606149321 720575940624463242 6
720575940606149321 720575940624471373 51
720575940606149321 720575940626579333 5
720575940606149321 720575940627084905 7
720575940606149321 720575940627662279 11
720575940606149321 720575940627719294 10
720575940606149321 720575940627776506 16
720575940606149321 720575940627899751 6
720575940606149321 720575940629373687 8
720575940606149321 720575940630095045 11
720575940606149321 720575940630396022 49
720575940606149321 720575940632011420 7
720575940606149321 720575940632472850 7
720575940606149321 720575940632807193 33
720575940606149321 720575940633350812 5
720575940606149321 720575940634396863 8
720575940606149321 720575940634751918 6
720575940606149321 720575940635967886 97
720575940606149321 720575940639417728 23
720575940606149321 720575940640406094 23
720575940606149321 720575940643754862 9
720575940606149321 720575940652283126 6
720575940606218528 720575940604088288 21
720575940606218528 720575940608763512 11
720575940606218528 720575940608766933 12
720575940606218528 720575940612138792 5
720575940606218528 720575940617024562 7
720575940606218528 720575940623261481 27
720575940606218528 720575940624463242 6
720575940606218528 720575940626783065 40
720575940606218528 720575940628641127 101
720575940606218528 720575940630396022 5
720575940606218528 720575940631022336 7
720575940606218528 720575940634866586 7
720575940606446770 720575940609996773 8
720575940606446770 720575940626201372 20
720575940606446770 720575940626295326 7
720575940606446770 720575940626783065 10
720575940606446770 720575940627796298 90
720575940606446770 720575940628403791 10
720575940606446770 720575940632723938 6
720575940606446770 720575940636471408 11
720575940606446770 720575940641193717 14
720575940606446770 720575940644506222 6
720575940607262219 720575940608545219 10
720575940607262219 720575940613170498 5
720575940607262219 720575940613867938 50
720575940607262219 720575940615592961 14
720575940607262219 720575940618364480 8
720575940607262219 720575940620356545 25
720575940607262219 720575940620931348 7
720575940607262219 720575940623957173 7
720575940607262219 720575940624463242 6
720575940607262219 720575940627796298 57
720575940607262219 720575940628112231 16
720575940607262219 720575940632522848 5
720575940607262219 720575940632807193 21
720575940607262219 720575940635967886 19
720575940607800242 720575940605074278 15
720575940607800242 720575940607262219 32
720575940607800242 720575940610455781 11
720575940607800242 720575940610653462 32
720575940607800242 720575940615168985 18
720575940607800242 720575940615592409 9
720575940607800242 720575940617362772 5
720575940607800242 720575940619688688 25
720575940607800242 720575940620356557 5
720575940607800242 720575940620943969 19
720575940607800242 720575940621431492 9
720575940607800242 720575940625226506 6
720575940607800242 720575940625600284 15
720575940607800242 720575940627670032 12
720575940607800242 720575940627719294 8
720575940607800242 720575940628837650 18
720575940607800242 720575940630311383 8
720575940607800242 720575940630344396 20
720575940607800242 720575940630396022 14
720575940607800242 720575940630548035 31
720575940607800242 720575940630733884 77
720575940607800242 720575940631947095 7
720575940607800242 720575940632472850 40
720575940607800242 720575940632807193 105
720575940607800242 720575940635967886 10
720575940607800242 720575940636910825 5
720575940607800242 720575940637175349 17
720575940607800242 720575940639417728 8
720575940607800242 720575940643754862 6
720575940608336514 720575940604088288 7
720575940608336514 720575940605074278 6
720575940608336514 720575940612149362 9
720575940608336514 720575940616054843 9
720575940608336514 720575940618248129 24
720575940608336514 720575940619822784 8
720575940608336514 720575940620943969 6
720575940608336514 720575940622673387 9
720575940608336514 720575940624615462 23
720575940608336514 720575940626579333 40
720575940608336514 720575940627307194 21
720575940608336514 720575940628350567 5
720575940608336514 720575940629373687 15
720575940608336514 720575940630311383 6
720575940608336514 720575940630396022 95
720575940608336514 720575940634396863 12
720575940608336514 720575940635967886 24
720575940608336514 720575940637755507 5
720575940608336514 720575940639417728 50
720575940608545219 720575940604088288 72
720575940608545219 720575940604938342 5
720575940608545219 720575940605074278 6
720575940608545219 720575940606149321 27
720575940608545219 720575940608336514 8
720575940608545219 720575940612149362 11
720575940608545219 720575940615592961 6
720575940608545219 720575940617245652 14
720575940608545219 720575940619623407 13
720575940608545219 720575940620943969 28
720575940608545219 720575940621554112 11
720575940608545219 720575940622673387 18
720575940608545219 720575940624471373 11
720575940608545219 720575940624615462 14
720575940608545219 720575940627307194 10
720575940608545219 720575940628112231 7
720575940608545219 720575940628350567 12
720575940608545219 720575940630396022 44
720575940608545219 720575940631022336 6
720575940608545219 720575940632472850 9
720575940608545219 720575940632807193 107
720575940608545219 720575940633677167 7
720575940608545219 720575940635967886 29
720575940608545219 720575940639417728 30
720575940608683477 720575940605302974 9
720575940608683477 720575940612479850 8
720575940608683477 720575940618364480 5
720575940608683477 720575940618984475 10
720575940608683477 720575940620356545 5
720575940608683477 720575940621870204 18
720575940608683477 720575940624004535 6
720575940608683477 720575940624463242 6
720575940608683477 720575940626201372 13
720575940608683477 720575940628218844 7
720575940608683477 720575940628865644 25
720575940608683477 720575940628916791 29
720575940608683477 720575940629430978 11
720575940608683477 720575940634866586 5
720575940608683477 720575940637320567 32
720575940608683477 720575940641450656 19
720575940608683477 720575940642331533 17
720575940608763512 720575940606218528 7
720575940608763512 720575940618932763 43
720575940608763512 720575940620356545 13
720575940608763512 720575940623957173 56
720575940608763512 720575940625518736 18
720575940608763512 720575940626885124 17
720575940608763512 720575940632011420 6
720575940608763512 720575940632472850 23
720575940608763512 720575940634371941 6
720575940608763512 720575940634458719 31
720575940608763512 720575940635130905 6
720575940608763512 720575940646518382 26
720575940608766933 720575940604088288 29
720575940608766933 720575940626783065 25
720575940608766933 720575940632472850 6
720575940608766933 720575940632807193 5
720575940608766933 720575940635202204 8
720575940609996773 720575940613034602 9
720575940609996773 720575940617034398 17
720575940609996773 720575940620203502 5
720575940609996773 720575940623725972 12
720575940609996773 720575940626663953 13
720575940609996773 720575940633300148 15
720575940609996773 720575940635678871 6
720575940609996773 720575940636573108 5
720575940609996773 720575940641972384 9
720575940609996773 720575940646518382 10
720575940610140309 720575940618932763 21
720575940610140309 720575940620424472 6
720575940610140309 720575940623957173 8
720575940610140309 720575940624463242 5
720575940610140309 720575940634371941 5
720575940610228344 720575940604088288 5
720575940610228344 720575940604938342 5
720575940610228344 720575940606149321 42
720575940610228344 720575940608545219 12
720575940610228344 720575940617245652 7
720575940610228344 720575940618932763 7
720575940610228344 720575940620943969 6
720575940610228344 720575940624463242 6
720575940610228344 720575940625518736 5
720575940610228344 720575940628865644 11
720575940610228344 720575940632472850 18
720575940610313570 720575940626663953 5
720575940610313570 720575940626783065 59
720575940610313570 720575940628793621 5
720575940610313570 720575940631427409 5
720575940610313570 720575940635106202 10
720575940610357458 720575940610140309 6
720575940610357458 720575940621765846 9
720575940610357458 720575940623957173 21
720575940610357458 720575940624394790 8
720575940610357458 720575940624463242 6
720575940610357458 720575940626793831 6
720575940610357458 720575940627670032 6
720575940610357458 720575940627750216 11
720575940610357458 720575940630057979 5
720575940610357458 720575940631023567 11
720575940610357458 720575940632472850 8
720575940610357458 720575940635202204 9
720575940610357458 720575940636471408 6
720575940610357458 720575940636910825 5
720575940610357458 720575940639220550 6
720575940610357458 720575940641972384 7
720575940610357458 720575940646518382 24
720575940610359758 720575940604088288 14
720575940610359758 720575940626783065 10
720575940610373326 720575940620356545 10
720575940610373326 720575940624463242 6
720575940610373326 720575940625518736 12
720575940610373326 720575940637320567 5
720575940610373326 720575940646518382 25
720575940610455781 720575940608763512 7
720575940610455781 720575940612138792 8
720575940610455781 720575940617245652 5
720575940610455781 720575940618932763 7
720575940610455781 720575940620356545 11
720575940610455781 720575940623957173 18
720575940610455781 720575940630344396 6
720575940610455781 720575940632807193 11
720575940610455781 720575940635967886 6
720575940610585317 720575940616451909 8
720575940610585317 720575940617245652 5
720575940610585317 720575940618248129 5
720575940610585317 720575940619688688 7
720575940610585317 720575940621870204 11
720575940610585317 720575940624463242 18
720575940610585317 720575940627681406 6
720575940610585317 720575940627776506 8
720575940610585317 720575940628837650 5
720575940610585317 720575940628865644 8
720575940610585317 720575940629373687 7
720575940610585317 720575940634396863 9
720575940610585317 720575940635967886 8
720575940610653462 720575940606149321 6
720575940610653462 720575940615592961 34
720575940610653462 720575940618831576 9
720575940610653462 720575940620931348 5
720575940610653462 720575940620943969 70
720575940610653462 720575940624463242 5
720575940610653462 720575940627111752 34
720575940610653462 720575940627208168 16
720575940610653462 720575940628112231 28
720575940610653462 720575940628403791 52
720575940610653462 720575940629256779 13
720575940610653462 720575940630396022 9
720575940610653462 720575940630548035 5
720575940610653462 720575940630733884 16
720575940610653462 720575940634751918 9
720575940610653462 720575940639355008 38
720575940611401709 720575940605074278 11
720575940611401709 720575940610653462 19
720575940611401709 720575940613867938 6
720575940611401709 720575940615950453 5
720575940611401709 720575940618364480 5
720575940611401709 720575940623725972 6
720575940611401709 720575940624068028 5
720575940611401709 720575940624407944 12
720575940611401709 720575940625518736 7
720575940611401709 720575940626793831 5
720575940611401709 720575940628403791 16
720575940611401709 720575940628538732 9
720575940611401709 720575940628865644 5
720575940611401709 720575940630548035 12
720575940611401709 720575940632807193 10
720575940611401709 720575940633300148 9
720575940611401709 720575940636573108 21
720575940611401709 720575940638095293 8
720575940611401709 720575940639331829 8
720575940611401709 720575940639355008 12
720575940611401709 720575940640176848 6
720575940612138792 720575940608082990 8
720575940612138792 720575940612710883 7
720575940612138792 720575940618932763 74
720575940612138792 720575940619675712 8
720575940612138792 720575940620203502 5
720575940612138792 720575940620356545 20
720575940612138792 720575940620424472 6
720575940612138792 720575940620931348 8
720575940612138792 720575940623855397 5
720575940612138792 720575940623957173 59
720575940612138792 720575940624463242 9
720575940612138792 720575940625518736 18
720575940612138792 720575940626885124 11
720575940612138792 720575940627670032 5
720575940612138792 720575940632011420 6
720575940612138792 720575940632472850 31
720575940612138792 720575940634371941 7
720575940612138792 720575940634458719 24
720575940612138792 720575940635130905 6
720575940612138792 720575940646518382 6
720575940612139443 720575940605302974 5
720575940612139443 720575940613170498 9
720575940612139443 720575940618364480 11
720575940612139443 720575940618984475 8
720575940612139443 720575940620203502 7
720575940612139443 720575940620356545 14
720575940612139443 720575940629430978 22
720575940612139443 720575940632192676 6
720575940612139443 720575940634866586 7
720575940612139443 720575940646518382 7
720575940612149362 720575940608545219 6
720575940612149362 720575940621554112 7
720575940612149362 720575940625518736 11
720575940612149362 720575940632472850 24
720575940612149362 720575940635967886 59
720575940612153746 720575940613867938 8
720575940612153746 720575940620356545 41
720575940612153746 720575940626656010 5
720575940612153746 720575940635189134 6
720575940612153746 720575940635403230 15
720575940612153746 720575940646518382 46
720575940612403427 720575940613170498 51
720575940612403427 720575940615592409 16
720575940612403427 720575940617245652 5
720575940612403427 720575940618364480 27
720575940612403427 720575940618475101 21
720575940612403427 720575940620356557 6
720575940612403427 720575940620424472 5
720575940612403427 720575940620943969 5
720575940612403427 720575940623725972 32
720575940612403427 720575940628837650 7
720575940612403427 720575940633300148 31
720575940612403427 720575940635967886 5
720575940612403427 720575940638095293 21
720575940612403427 720575940640176848 14
720575940612403427 720575940640992731 5
720575940612479850 720575940618475101 14
720575940612479850 720575940624463242 6
720575940612479850 720575940638095293 13
720575940612580067 720575940604938342 12
720575940612580067 720575940605074278 23
720575940612580067 720575940606149321 8
720575940612580067 720575940607262219 10
720575940612580067 720575940610228344 6
720575940612580067 720575940610585317 8
720575940612580067 720575940610653462 57
720575940612580067 720575940615168985 5
720575940612580067 720575940615592409 25
720575940612580067 720575940616451909 7
720575940612580067 720575940617245652 47
720575940612580067 720575940617362772 40
720575940612580067 720575940617924299 7
720575940612580067 720575940618475101 37
720575940612580067 720575940619688688 20
720575940612580067 720575940620356557 21
720575940612580067 720575940620943969 20
720575940612580067 720575940622304243 6
720575940612580067 720575940624068028 32
720575940612580067 720575940625600284 28
720575940612580067 720575940626793831 178
720575940612580067 720575940627670032 5
720575940612580067 720575940627681406 12
720575940612580067 720575940627719294 27
720575940612580067 720575940627776506 10
720575940612580067 720575940628538732 18
720575940612580067 720575940628837650 40
720575940612580067 720575940629211847 13
720575940612580067 720575940630344396 48
720575940612580067 720575940630396022 11
720575940612580067 720575940630548035 69
720575940612580067 720575940631022336 55
720575940612580067 720575940631179807 79
720575940612580067 720575940632472850 10
720575940612580067 720575940632807193 53
720575940612580067 720575940636573108 41
720575940612580067 720575940637175349 40
720575940612580067 720575940637755507 9
720575940612580067 720575940638095293 98
720575940612580067 720575940640406094 8
720575940612580067 720575940642401060 30
720575940612580067 720575940643754862 19
720575940612580067 720575940644639342 8
720575940612710883 720575940604088288 21
720575940612710883 720575940608763512 8
720575940612710883 720575940608766933 6
720575940612710883 720575940612138792 7
720575940612710883 720575940618364480 6
720575940612710883 720575940626783065 23
720575940612710883 720575940628641127 81
720575940612710883 720575940628706325 5
720575940612710883 720575940634866586 6
720575940612711958 720575940610373326 6
720575940612711958 720575940618984475 7
720575940612711958 720575940621870204 14
720575940612711958 720575940623598058 7
720575940612711958 720575940624463242 12
720575940612711958 720575940626201372 20
720575940612711958 720575940628865644 12
720575940612711958 720575940635640312 8
720575940612711958 720575940635678871 5
720575940612711958 720575940642331533 15
720575940612993941 720575940606149321 22
720575940612993941 720575940608545219 14
720575940612993941 720575940620943969 6
720575940612993941 720575940627111752 18
720575940612993941 720575940630396022 23
720575940612993941 720575940632472850 8
720575940612993941 720575940635967886 11
720575940612993941 720575940639417728 41
720575940613034602 720575940602120928 5
720575940613034602 720575940604445868 7
720575940613034602 720575940609996773 5
720575940613034602 720575940610359758 6
720575940613034602 720575940613867938 44
720575940613034602 720575940617034398 14
720575940613034602 720575940622304243 23
720575940613034602 720575940623725972 14
720575940613034602 720575940624407944 24
720575940613034602 720575940624662508 6
720575940613034602 720575940626663953 11
720575940613034602 720575940628403791 18
720575940613034602 720575940628538732 18
720575940613034602 720575940631947095 7
720575940613034602 720575940633300148 23
720575940613034602 720575940634458719 26
720575940613034602 720575940636471408 10
720575940613034602 720575940636573108 35
720575940613034602 720575940639220550 7
720575940613034602 720575940641972384 13
720575940613034602 720575940643826212 5
720575940613034602 720575940644639342 6
720575940613034602 720575940646518382 12
720575940613113325 720575940618984475 6
720575940613113325 720575940624407944 43
720575940613113325 720575940626201372 46
720575940613113325 720575940634866586 6
720575940613144616 720575940621264809 11
720575940613144616 720575940629133052 5
720575940613144616 720575940644361582 8
720575940613144616 720575940649591673 9
720575940613170498 720575940605302974 12
720575940613170498 720575940618364480 15
720575940613170498 720575940620356545 47
720575940613170498 720575940624463242 13
720575940613170498 720575940626656010 6
720575940613170498 720575940629430978 26
720575940613418547 720575940626663953 8
720575940613418547 720575940629256779 23
720575940613418547 720575940634458719 20
720575940613418547 720575940635678871 15
720575940613706546 720575940613034602 5
720575940613706546 720575940613113325 7
720575940613706546 720575940613867938 21
720575940613706546 720575940623725972 30
720575940613706546 720575940624698170 7
720575940613706546 720575940627796298 15
720575940613706546 720575940628403791 6
720575940613706546 720575940628538732 12
720575940613706546 720575940631947095 22
720575940613706546 720575940633300148 43
720575940613706546 720575940636573108 23
720575940613706546 720575940640176848 17
720575940613706546 720575940644639342 48
720575940613867938 720575940602120928 10
720575940613867938 720575940604445868 8
720575940613867938 720575940613034602 13
720575940613867938 720575940615281862 98
720575940613867938 720575940616079188 14
720575940613867938 720575940616502109 5
720575940613867938 720575940617034398 11
720575940613867938 720575940617653277 37
720575940613867938 720575940619675712 7
720575940613867938 720575940620931348 5
720575940613867938 720575940621147588 15
720575940613867938 720575940621264809 53
720575940613867938 720575940622304243 7
720575940613867938 720575940623256202 32
720575940613867938 720575940623437180 10
720575940613867938 720575940623725972 33
720575940613867938 720575940624394790 13
720575940613867938 720575940624662508 8
720575940613867938 720575940626201372 11
720575940613867938 720575940626663953 62
720575940613867938 720575940626885124 7
720575940613867938 720575940627718394 22
720575940613867938 720575940627796298 445
720575940613867938 720575940627850618 25
720575940613867938 720575940628403791 140
720575940613867938 720575940629249783 6
720575940613867938 720575940629256779 21
720575940613867938 720575940630445519 6
720575940613867938 720575940631427409 8
720575940613867938 720575940632723938 9
720575940613867938 720575940633033567 22
720575940613867938 720575940633300148 34
720575940613867938 720575940634458719 95
720575940613867938 720575940635678871 16
720575940613867938 720575940636471408 14
720575940613867938 720575940636573108 38
720575940613867938 720575940637834301 5
720575940613867938 720575940638095293 6
720575940613867938 720575940640992731 10
720575940613867938 720575940641972384 17
720575940613867938 720575940644259876 19
720575940613867938 720575940644361582 72
720575940613941618 720575940613867938 5
720575940613941618 720575940615281862 8
720575940613941618 720575940623957173 22
720575940613941618 720575940624394790 8
720575940613941618 720575940626663953 8
720575940613941618 720575940626783065 5
720575940613941618 720575940627796298 19
720575940613941618 720575940627850618 5
720575940613941618 720575940629249783 5
720575940613941618 720575940632723938 7
720575940613941618 720575940634458719 5
720575940613941618 720575940635106202 13
720575940613941618 720575940644361582 8
720575940614265827 720575940609996773 6
720575940614265827 720575940617034398 6
720575940614265827 720575940622709287 10
720575940614265827 720575940624407944 5
720575940614265827 720575940626295326 11
720575940614265827 720575940626663953 7
720575940614265827 720575940631427409 10
720575940614265827 720575940632723938 7
720575940614265827 720575940636471408 6
720575940614265827 720575940637834301 6
720575940614265827 720575940640678352 6
720575940614265827 720575940644259876 10
720575940614669707 720575940618932763 10
720575940614669707 720575940620356545 57
720575940614669707 720575940626656010 7
720575940614669707 720575940628218844 5
720575940614669707 720575940632807193 14
720575940614669707 720575940639220550 8
720575940614669707 720575940646518382 14
720575940614752395 720575940613170498 61
720575940614752395 720575940618364480 32
720575940614752395 720575940618475101 20
720575940614752395 720575940620356545 9
720575940614752395 720575940623725972 21
720575940614752395 720575940628837650 5
720575940614752395 720575940628865644 7
720575940614752395 720575940629430978 6
720575940614752395 720575940633300148 14
720575940614752395 720575940638095293 24
720575940614987276 720575940609996773 6
720575940614987276 720575940613034602 6
720575940614987276 720575940622304243 6
720575940614987276 720575940624407944 38
720575940614987276 720575940624662508 9
720575940614987276 720575940626201372 33
720575940614987276 720575940626783065 7
720575940614987276 720575940627796298 77
720575940614987276 720575940628403791 11
720575940614987276 720575940632723938 6
720575940614987276 720575940636471408 7
720575940614987276 720575940641193717 9
720575940615168985 720575940602120928 9
720575940615168985 720575940613867938 32
720575940615168985 720575940618364480 15
720575940615168985 720575940620356545 25
720575940615168985 720575940620931348 6
720575940615168985 720575940621431492 5
720575940615168985 720575940622304243 6
720575940615168985 720575940623957173 8
720575940615168985 720575940627796298 52
720575940615168985 720575940628112231 9
720575940615168985 720575940630344396 9
720575940615168985 720575940631179807 6
720575940615168985 720575940632522848 10
720575940615168985 720575940632807193 6
720575940615168985 720575940633350812 5
720575940615168985 720575940635754853 5
720575940615168985 720575940635967886 19
720575940615168985 720575940636471408 7
720575940615168985 720575940640992731 7
720575940615168985 720575940641972384 5
720575940615281862 720575940610313570 5
720575940615281862 720575940610357458 25
720575940615281862 720575940610359758 7
720575940615281862 720575940613941618 16
720575940615281862 720575940614987276 9
720575940615281862 720575940619847533 5
720575940615281862 720575940624407944 8
720575940615281862 720575940626783065 5
720575940615281862 720575940627208168 10
720575940615281862 720575940627578615 10
720575940615281862 720575940627796298 46
720575940615281862 720575940628403791 42
720575940615281862 720575940628505873 5
720575940615281862 720575940640678352 8
720575940615592409 720575940605074278 12
720575940615592409 720575940607262219 9
720575940615592409 720575940610653462 18
720575940615592409 720575940612403427 5
720575940615592409 720575940612479850 5
720575940615592409 720575940617362772 8
720575940615592409 720575940618475101 19
720575940615592409 720575940620356545 7
720575940615592409 720575940620356557 8
720575940615592409 720575940620424472 6
720575940615592409 720575940620943969 10
720575940615592409 720575940624004535 12
720575940615592409 720575940624394790 5
720575940615592409 720575940624463242 13
720575940615592409 720575940625518736 15
720575940615592409 720575940627670032 5
720575940615592409 720575940627719294 6
720575940615592409 720575940628837650 14
720575940615592409 720575940630344396 5
720575940615592409 720575940630548035 25
720575940615592409 720575940630733884 8
720575940615592409 720575940631022336 6
720575940615592409 720575940632472850 38
720575940615592409 720575940632807193 58
720575940615592409 720575940633350812 5
720575940615592409 720575940636573108 6
720575940615592409 720575940638095293 11
720575940615592409 720575940641450656 5
720575940615592409 720575940642401060 5
720575940615592961 720575940607262219 16
720575940615592961 720575940608545219 109
720575940615592961 720575940609996773 6
720575940615592961 720575940615168985 5
720575940615592961 720575940620424472 6
720575940615592961 720575940620943969 11
720575940615592961 720575940623725972 16
720575940615592961 720575940626663953 6
720575940615592961 720575940627796298 101
720575940615592961 720575940628112231 5
720575940615592961 720575940628403791 36
720575940615592961 720575940629256779 5
720575940615592961 720575940631947095 22
720575940615592961 720575940632011420 6
720575940615592961 720575940633300148 13
720575940615592961 720575940638095293 13
720575940615592961 720575940639355008 7
720575940615592961 720575940646518382 5
720575940615635037 720575940605074278 11
720575940615635037 720575940605302974 6
720575940615635037 720575940613170498 10
720575940615635037 720575940615592409 6
720575940615635037 720575940617362772 6
720575940615635037 720575940618475101 12
720575940615635037 720575940620356545 7
720575940615635037 720575940620943969 7
720575940615635037 720575940624004535 5
720575940615635037 720575940624463242 12
720575940615635037 720575940630548035 10
720575940615635037 720575940632472850 5
720575940615635037 720575940635967886 5
720575940615635037 720575940638095293 15
720575940615635037 720575940639331829 6
720575940615894877 720575940624407944 8
720575940615894877 720575940638095293 14
720575940615894877 720575940640992731 5
720575940615950453 720575940608082990 9
720575940615950453 720575940620203502 14
720575940615950453 720575940620369517 6
720575940615950453 720575940633205295 10
720575940615950453 720575940634866586 16
720575940615950453 720575940646518382 17
720575940615950453 720575940650929273 18
720575940616054843 720575940604088288 5
720575940616054843 720575940606149321 22
720575940616054843 720575940608545219 99
720575940616054843 720575940615635037 7
720575940616054843 720575940617362772 5
720575940616054843 720575940618248129 6
720575940616054843 720575940620356557 9
720575940616054843 720575940620943969 9
720575940616054843 720575940624463242 6
720575940616054843 720575940627719294 12
720575940616054843 720575940628865644 30
720575940616054843 720575940630311383 5
720575940616054843 720575940634396863 7
720575940616054843 720575940639417728 6
720575940616079188 720575940626295326 9
720575940616079188 720575940626663953 9
720575940616079188 720575940627796298 7
720575940616079188 720575940629244357 5
720575940616079188 720575940629256779 5
720575940616079188 720575940644259876 7
720575940616079188 720575940646518382 5
720575940616451909 720575940606149321 41
720575940616451909 720575940608545219 41
720575940616451909 720575940617245652 13
720575940616451909 720575940618932763 8
720575940616451909 720575940620356545 6
720575940616451909 720575940620943969 7
720575940616451909 720575940624463242 7
720575940616451909 720575940625518736 12
720575940616451909 720575940627776506 7
720575940616451909 720575940628865644 63
720575940616451909 720575940637755507 5
720575940616502109 720575940623437180 6
720575940616502109 720575940623957173 7
720575940616502109 720575940626201372 33
720575940616502109 720575940627796298 41
720575940616502109 720575940640678352 5
720575940616502109 720575940644252951 7
720575940616592704 720575940626663953 36
720575940616592704 720575940628793621 6
720575940616592704 720575940634458719 31
720575940616592704 720575940646518382 12
720575940616664550 720575940604470240 5
720575940616664550 720575940625518736 6
720575940616664550 720575940628706325 52
720575940616907678 720575940618165393 33
720575940616907678 720575940618364480 9
720575940616907678 720575940626783065 9
720575940616907678 720575940630311383 16
720575940616907678 720575940634866586 7
720575940616907678 720575940635202204 5
720575940616907678 720575940635211768 10
720575940616907678 720575940637826118 8
720575940616951739 720575940602120928 14
720575940616951739 720575940604445868 20
720575940616951739 720575940613034602 8
720575940616951739 720575940613867938 48
720575940616951739 720575940617034398 10
720575940616951739 720575940619675712 6
720575940616951739 720575940620931348 9
720575940616951739 720575940622304243 17
720575940616951739 720575940624662508 7
720575940616951739 720575940624698170 13
720575940616951739 720575940626663953 5
720575940616951739 720575940627850618 8
720575940616951739 720575940628403791 36
720575940616951739 720575940628538732 14
720575940616951739 720575940631947095 46
720575940616951739 720575940634458719 27
720575940616951739 720575940635106202 6
720575940616951739 720575940635678871 7
720575940616951739 720575940636471408 6
720575940616951739 720575940636573108 18
720575940616951739 720575940637834301 5
720575940616951739 720575940640992731 15
720575940616951739 720575940641972384 5
720575940616951739 720575940643826212 15
720575940617024562 720575940604470240 9
720575940617024562 720575940618165393 22
720575940617024562 720575940622998627 28
720575940617024562 720575940624463242 5
720575940617024562 720575940625988227 8
720575940617024562 720575940635211768 10
720575940617024562 720575940637826118 15
720575940617034398 720575940602120928 10
720575940617034398 720575940605302974 6
720575940617034398 720575940610373326 6
720575940617034398 720575940613034602 11
720575940617034398 720575940613867938 50
720575940617034398 720575940617362772 8
720575940617034398 720575940618475101 5
720575940617034398 720575940620203502 7
720575940617034398 720575940622304243 5
720575940617034398 720575940623725972 20
720575940617034398 720575940624394790 8
720575940617034398 720575940624407944 14
720575940617034398 720575940624662508 5
720575940617034398 720575940625518736 7
720575940617034398 720575940626663953 7
720575940617034398 720575940627719294 5
720575940617034398 720575940628538732 18
720575940617034398 720575940629133052 6
720575940617034398 720575940631022336 5
720575940617034398 720575940631947095 5
720575940617034398 720575940632472850 7
720575940617034398 720575940632807193 5
720575940617034398 720575940633300148 12
720575940617034398 720575940634458719 30
720575940617034398 720575940636471408 12
720575940617034398 720575940636573108 34
720575940617034398 720575940637175349 5
720575940617034398 720575940640992731 5
720575940617034398 720575940641972384 21
720575940617034398 720575940644639342 11
720575940617034398 720575940646518382 6
720575940617110555 720575940605074278 11
720575940617110555 720575940607262219 12
720575940617110555 720575940608545219 148
720575940617110555 720575940610373326 5
720575940617110555 720575940610585317 14
720575940617110555 720575940615635037 5
720575940617110555 720575940616451909 9
720575940617110555 720575940617245652 6
720575940617110555 720575940618248129 9
720575940617110555 720575940620424472 25
720575940617110555 720575940620943969 52
720575940617110555 720575940624463242 17
720575940617110555 720575940625518736 9
720575940617110555 720575940626579333 22
720575940617110555 720575940627662279 10
720575940617110555 720575940627899751 6
720575940617110555 720575940628865644 46
720575940617110555 720575940629211847 10
720575940617110555 720575940629373687 8
720575940617110555 720575940630548035 7
720575940617110555 720575940632011420 11
720575940617110555 720575940632385943 5
720575940617110555 720575940632472850 22
720575940617110555 720575940632764883 6
720575940617110555 720575940632807193 12
720575940617110555 720575940635130905 12
720575940617110555 720575940635967886 65
720575940617110555 720575940642401060 5
720575940617110555 720575940652283126 8
720575940617245652 720575940615168985 5
720575940617245652 720575940617924299 12
720575940617245652 720575940620943969 5
720575940617245652 720575940622998627 5
720575940617245652 720575940625385861 8
720575940617245652 720575940627111752 27
720575940617245652 720575940628112231 7
720575940617245652 720575940635967886 11
720575940617245652 720575940637175349 5
720575940617245652 720575940637755507 7
720575940617333976 720575940607262219 8
720575940617333976 720575940608763512 5
720575940617333976 720575940612138792 6
720575940617333976 720575940620356545 42
720575940617333976 720575940624463242 9
720575940617333976 720575940625518736 13
720575940617333976 720575940628916791 11
720575940617333976 720575940632228433 10
720575940617333976 720575940637320567 8
720575940617333976 720575940646518382 21
720575940617362772 720575940605302974 6
720575940617362772 720575940607262219 5
720575940617362772 720575940610373326 15
720575940617362772 720575940620356545 14
720575940617362772 720575940620356557 13
720575940617362772 720575940620424472 14
720575940617362772 720575940624004535 11
720575940617362772 720575940624394790 6
720575940617362772 720575940624463242 10
720575940617362772 720575940625518736 21
720575940617362772 720575940627719294 8
720575940617362772 720575940628112231 15
720575940617362772 720575940628837650 5
720575940617362772 720575940628865644 37
720575940617362772 720575940629211847 5
720575940617362772 720575940632011420 9
720575940617362772 720575940632472850 17
720575940617362772 720575940632807193 18
720575940617362772 720575940635130905 13
720575940617362772 720575940635640312 5
720575940617362772 720575940635967886 5
720575940617362772 720575940636910825 6
720575940617611921 720575940618984475 9
720575940617611921 720575940626201372 36
720575940617611921 720575940627681406 7
720575940617611921 720575940628218844 7
720575940617611921 720575940628916791 18
720575940617611921 720575940633205295 5
720575940617611921 720575940634866586 6
720575940617611921 720575940635640312 6
720575940617611921 720575940637320567 15
720575940617611921 720575940642331533 32
720575940617653277 720575940623957173 5
720575940617653277 720575940626201372 6
720575940617653277 720575940626783065 5
720575940617653277 720575940627796298 13
720575940617653277 720575940628403791 5
720575940617653277 720575940634458719 13
720575940617924299 720575940604088288 7
720575940617924299 720575940605074278 12
720575940617924299 720575940608545219 11
720575940617924299 720575940618932763 13
720575940617924299 720575940621554112 20
720575940617924299 720575940622843530 15
720575940617924299 720575940623957173 10
720575940617924299 720575940624463242 6
720575940617924299 720575940626783065 8
720575940617924299 720575940627750216 13
720575940617924299 720575940632011420 5
720575940617924299 720575940632472850 25
720575940617924299 720575940632807193 5
720575940617924299 720575940634458719 22
720575940617924299 720575940634750871 29
720575940617924299 720575940635967886 5
720575940618165393 720575940604088288 113
720575940618165393 720575940610455781 7
720575940618165393 720575940619675712 10
720575940618165393 720575940621431492 8
720575940618165393 720575940622998627 7
720575940618165393 720575940624004535 6
720575940618165393 720575940624394790 6
720575940618165393 720575940624463242 14
720575940618165393 720575940626783065 82
720575940618165393 720575940628641127 9
720575940618165393 720575940630057979 8
720575940618165393 720575940630311383 24
720575940618165393 720575940632011420 10
720575940618165393 720575940632472850 5
720575940618165393 720575940632522848 8
720575940618165393 720575940635130905 6
720575940618165393 720575940635211768 5
720575940618165393 720575940641450656 7
720575940618183765 720575940604088288 10
720575940618183765 720575940605074278 7
720575940618183765 720575940606149321 13
720575940618183765 720575940608545219 101
720575940618183765 720575940615635037 21
720575940618183765 720575940617362772 6
720575940618183765 720575940618248129 5
720575940618183765 720575940620356557 7
720575940618183765 720575940620943969 9
720575940618183765 720575940624463242 11
720575940618183765 720575940627719294 11
720575940618183765 720575940628865644 30
720575940618183765 720575940632764883 5
720575940618183765 720575940637755507 5
720575940618248129 720575940606149321 9
720575940618248129 720575940608545219 38
720575940618248129 720575940610585317 5
720575940618248129 720575940613170498 9
720575940618248129 720575940616054843 20
720575940618248129 720575940617362772 18
720575940618248129 720575940618183765 15
720575940618248129 720575940618364480 10
720575940618248129 720575940620356545 18
720575940618248129 720575940620356557 5
720575940618248129 720575940621870204 17
720575940618248129 720575940624004535 5
720575940618248129 720575940624463242 8
720575940618248129 720575940627681406 5
720575940618248129 720575940627719294 9
720575940618248129 720575940627776506 5
720575940618248129 720575940628112231 5
720575940618248129 720575940628865644 22
720575940618248129 720575940630311383 11
720575940618248129 720575940630396022 12
720575940618248129 720575940631179807 9
720575940618248129 720575940637175349 6
720575940618248129 720575940639417728 24
720575940618340057 720575940608082990 6
720575940618340057 720575940608766933 5
720575940618340057 720575940610373326 7
720575940618340057 720575940610455781 7
720575940618340057 720575940613170498 20
720575940618340057 720575940613867938 33
720575940618340057 720575940614987276 6
720575940618340057 720575940616592704 33
720575940618340057 720575940618364480 16
720575940618340057 720575940618831576 20
720575940618340057 720575940619415679 6
720575940618340057 720575940619623407 7
720575940618340057 720575940620356545 8
720575940618340057 720575940620943969 5
720575940618340057 720575940622673387 7
720575940618340057 720575940624336647 14
720575940618340057 720575940624394790 11
720575940618340057 720575940624462850 6
720575940618340057 720575940624615462 7
720575940618340057 720575940626783065 10
720575940618340057 720575940627208168 5
720575940618340057 720575940627307194 14
720575940618340057 720575940628641127 5
720575940618340057 720575940628793621 18
720575940618340057 720575940630046767 58
720575940618340057 720575940630311383 10
720575940618340057 720575940630396022 83
720575940618340057 720575940632011420 5
720575940618340057 720575940632385943 7
720575940618340057 720575940632807193 35
720575940618340057 720575940634371941 17
720575940618340057 720575940635106202 178
720575940618340057 720575940637755507 27
720575940618340057 720575940642198491 14
720575940618364480 720575940604088288 27
720575940618364480 720575940607262219 8
720575940618364480 720575940613170498 7
720575940618364480 720575940620203502 22
720575940618364480 720575940620356545 11
720575940618364480 720575940620369517 8
720575940618364480 720575940624409575 27
720575940618364480 720575940624463242 50
720575940618364480 720575940634866586 5
720575940618475101 720575940602120928 6
720575940618475101 720575940604445868 7
720575940618475101 720575940605074278 14
720575940618475101 720575940605302974 13
720575940618475101 720575940606149321 20
720575940618475101 720575940608545219 64
720575940618475101 720575940610455781 10
720575940618475101 720575940610653462 5
720575940618475101 720575940612479850 7
720575940618475101 720575940613034602 5
720575940618475101 720575940613170498 7
720575940618475101 720575940615592409 10
720575940618475101 720575940615592961 8
720575940618475101 720575940618984475 22
720575940618475101 720575940619415679 5
720575940618475101 720575940619675712 6
720575940618475101 720575940619688688 6
720575940618475101 720575940620203502 41
720575940618475101 720575940620356545 6
720575940618475101 720575940620943969 14
720575940618475101 720575940621431492 9
720575940618475101 720575940623725972 9
720575940618475101 720575940624004535 10
720575940618475101 720575940624394790 23
720575940618475101 720575940624407944 6
720575940618475101 720575940624463242 5
720575940618475101 720575940626201372 80
720575940618475101 720575940626793831 9
720575940618475101 720575940628112231 20
720575940618475101 720575940628218844 16
720575940618475101 720575940628837650 21
720575940618475101 720575940628865644 64
720575940618475101 720575940628916791 11
720575940618475101 720575940629244357 7
720575940618475101 720575940629249783 5
720575940618475101 720575940629430978 39
720575940618475101 720575940630057979 13
720575940618475101 720575940630548035 17
720575940618475101 720575940632522848 9
720575940618475101 720575940632764883 9
720575940618475101 720575940632807193 8
720575940618475101 720575940633300148 19
720575940618475101 720575940636471408 5
720575940618475101 720575940636573108 5
720575940618475101 720575940637175349 13
720575940618475101 720575940637320567 10
720575940618475101 720575940638095293 11
720575940618475101 720575940641450656 7
720575940618475101 720575940646518382 7
720575940618535303 720575940619675712 8
720575940618535303 720575940623957173 5
720575940618535303 720575940630057979 5
720575940618535303 720575940630344396 8
720575940618535303 720575940632522848 8
720575940618604352 720575940608545219 39
720575940618604352 720575940620356557 5
720575940618604352 720575940627719294 7
720575940618604352 720575940628112231 9
720575940618604352 720575940630396022 5
720575940618604352 720575940632472850 5
720575940618604352 720575940639417728 75
720575940618831576 720575940626663953 49
720575940618831576 720575940627750216 9
720575940618831576 720575940627796298 18
720575940618831576 720575940628793621 6
720575940618831576 720575940634458719 40
720575940618927892 720575940626663953 6
720575940618927892 720575940629249783 13
720575940618932763 720575940604088288 10
720575940618932763 720575940604938342 5
720575940618932763 720575940607262219 5
720575940618932763 720575940610228344 6
720575940618932763 720575940617245652 44
720575940618932763 720575940619415679 12
720575940618932763 720575940624068028 7
720575940618932763 720575940624336647 9
720575940618932763 720575940624463242 11
720575940618932763 720575940625453340 8
720575940618932763 720575940626793831 7
720575940618932763 720575940627662279 9
720575940618932763 720575940630095045 5
720575940618932763 720575940632385943 11
720575940618932763 720575940632472850 20
720575940618932763 720575940633350812 130
720575940618932763 720575940634751918 7
720575940618932763 720575940635967886 27
720575940618932763 720575940637755507 25
720575940618932763 720575940639417728 56
720575940618932763 720575940640406094 20
720575940618932763 720575940652283126 41
720575940618984475 720575940613170498 9
720575940618984475 720575940615950453 13
720575940618984475 720575940620356545 8
720575940618984475 720575940624463242 12
720575940618984475 720575940628916791 31
720575940618984475 720575940629430978 7
720575940618984475 720575940631275050 20
720575940618984475 720575940634866586 15
720575940618984475 720575940635202204 16
720575940618984475 720575940635640312 45
720575940618984475 720575940637320567 18
720575940618984475 720575940639331829 7
720575940618984475 720575940646518382 17
720575940618984475 720575940649591673 12
720575940619058461 720575940606149321 9
720575940619058461 720575940608336514 85
720575940619058461 720575940608545219 16
720575940619058461 720575940610455781 6
720575940619058461 720575940613170498 6
720575940619058461 720575940616054843 7
720575940619058461 720575940617110555 7
720575940619058461 720575940619822784 170
720575940619058461 720575940626833994 19
720575940619058461 720575940627662279 25
720575940619058461 720575940630311383 16
720575940619058461 720575940633350812 48
720575940619058461 720575940634823449 35
720575940619058461 720575940652283126 35
720575940619302640 720575940613867938 8
720575940619302640 720575940618932763 5
720575940619302640 720575940623855397 6
720575940619302640 720575940623957173 6
720575940619302640 720575940624698170 5
720575940619302640 720575940630057979 5
720575940619302640 720575940631947095 8
720575940619415679 720575940610585317 20
720575940619415679 720575940612479850 5
720575940619415679 720575940613170498 62
720575940619415679 720575940615592409 19
720575940619415679 720575940615635037 7
720575940619415679 720575940617245652 94
720575940619415679 720575940617362772 19
720575940619415679 720575940618475101 14
720575940619415679 720575940619688688 27
720575940619415679 720575940620356545 35
720575940619415679 720575940620356557 16
720575940619415679 720575940620943969 10
720575940619415679 720575940622503133 12
720575940619415679 720575940623725972 6
720575940619415679 720575940624463242 32
720575940619415679 720575940626793831 42
720575940619415679 720575940627111752 6
720575940619415679 720575940627670032 5
720575940619415679 720575940627719294 15
720575940619415679 720575940628837650 16
720575940619415679 720575940628865644 20
720575940619415679 720575940629373687 16
720575940619415679 720575940630344396 21
720575940619415679 720575940631179807 49
720575940619415679 720575940632472850 8
720575940619415679 720575940632764883 11
720575940619415679 720575940632807193 26
720575940619415679 720575940633300148 8
720575940619415679 720575940634396863 14
720575940619415679 720575940635967886 47
720575940619415679 720575940637175349 10
720575940619415679 720575940637755507 38
720575940619415679 720575940638095293 32
720575940619415679 720575940640176848 26
720575940619415679 720575940641450656 5
720575940619415679 720575940642401060 6
720575940619507184 720575940607262219 17
720575940619507184 720575940610653462 13
720575940619507184 720575940615168985 10
720575940619507184 720575940617245652 5
720575940619507184 720575940619688688 9
720575940619507184 720575940620943969 6
720575940619507184 720575940625518736 7
720575940619507184 720575940625600284 12
720575940619507184 720575940627670032 6
720575940619507184 720575940627719294 6
720575940619507184 720575940628837650 10
720575940619507184 720575940630311383 12
720575940619507184 720575940630344396 5
720575940619507184 720575940630396022 15
720575940619507184 720575940630548035 10
720575940619507184 720575940630733884 45
720575940619507184 720575940632472850 19
720575940619507184 720575940632807193 48
720575940619507184 720575940637175349 11
720575940619592768 720575940602120928 14
720575940619592768 720575940602483424 5
720575940619592768 720575940604445868 27
720575940619592768 720575940607262219 8
720575940619592768 720575940609996773 8
720575940619592768 720575940613034602 12
720575940619592768 720575940613867938 94
720575940619592768 720575940613941618 6
720575940619592768 720575940617034398 14
720575940619592768 720575940617653277 7
720575940619592768 720575940619675712 6
720575940619592768 720575940622304243 21
720575940619592768 720575940624698170 20
720575940619592768 720575940627850618 6
720575940619592768 720575940628403791 121
720575940619592768 720575940628538732 23
720575940619592768 720575940629244357 5
720575940619592768 720575940631947095 48
720575940619592768 720575940632522848 5
720575940619592768 720575940634458719 52
720575940619592768 720575940635106202 11
720575940619592768 720575940635678871 11
720575940619592768 720575940636471408 5
720575940619592768 720575940636573108 34
720575940619592768 720575940637834301 15
720575940619592768 720575940640992731 8
720575940619592768 720575940641972384 7
720575940619592768 720575940643826212 25
720575940619592768 720575940644639342 10
720575940619623407 720575940604088288 82
720575940619623407 720575940604938342 10
720575940619623407 720575940606149321 160
720575940619623407 720575940608545219 89
720575940619623407 720575940610228344 24
720575940619623407 720575940610455781 5
720575940619623407 720575940615592961 52
720575940619623407 720575940615635037 5
720575940619623407 720575940616451909 36
720575940619623407 720575940617110555 17
720575940619623407 720575940618475101 7
720575940619623407 720575940618932763 10
720575940619623407 720575940620356545 13
720575940619623407 720575940620943969 27
720575940619623407 720575940624394790 39
720575940619623407 720575940626139175 37
720575940619623407 720575940626793831 20
720575940619623407 720575940626833994 8
720575940619623407 720575940627662279 20
720575940619623407 720575940627899751 45
720575940619623407 720575940628112231 29
720575940619623407 720575940630344396 5
720575940619623407 720575940631179807 8
720575940619623407 720575940632764883 7
720575940619623407 720575940639417728 41
720575940619623407 720575940640406094 42
720575940619623407 720575940652283126 23
720575940619675712 720575940613867938 8
720575940619675712 720575940618932763 8
720575940619675712 720575940621347092 5
720575940619675712 720575940623957173 9
720575940619675712 720575940624698170 10
720575940619675712 720575940628538732 5
720575940619675712 720575940631947095 5
720575940619675712 720575940632807193 8
720575940619675712 720575940645445156 5
720575940619688688 720575940604445868 6
720575940619688688 720575940605074278 15
720575940619688688 720575940607262219 5
720575940619688688 720575940610373326 5
720575940619688688 720575940610653462 19
720575940619688688 720575940612479850 5
720575940619688688 720575940613867938 5
720575940619688688 720575940615592409 14
720575940619688688 720575940615635037 6
720575940619688688 720575940618475101 13
720575940619688688 720575940620356545 5
720575940619688688 720575940620356557 6
720575940619688688 720575940620931348 5
720575940619688688 720575940620943969 22
720575940619688688 720575940621431492 6
720575940619688688 720575940624004535 7
720575940619688688 720575940624463242 16
720575940619688688 720575940630344396 7
720575940619688688 720575940630548035 17
720575940619688688 720575940632472850 44
720575940619688688 720575940632807193 16
720575940619688688 720575940635130905 5
720575940619688688 720575940637175349 5
720575940619688688 720575940638095293 8
720575940619688688 720575940641450656 7
720575940619767243 720575940608545219 28
720575940619767243 720575940615635037 6
720575940619767243 720575940617362772 7
720575940619767243 720575940620356557 6
720575940619767243 720575940627719294 12
720575940619767243 720575940628865644 5
720575940619767243 720575940639417728 34
720575940619822784 720575940604088288 5
720575940619822784 720575940608766933 27
720575940619822784 720575940612149362 11
720575940619822784 720575940613867938 35
720575940619822784 720575940616592704 15
720575940619822784 720575940617653277 6
720575940619822784 720575940618340057 6
720575940619822784 720575940618831576 19
720575940619822784 720575940620203502 18
720575940619822784 720575940621431492 10
720575940619822784 720575940622673387 40
720575940619822784 720575940623368906 6
720575940619822784 720575940624336647 13
720575940619822784 720575940624394790 5
720575940619822784 720575940624407944 6
720575940619822784 720575940624615462 20
720575940619822784 720575940626885124 5
720575940619822784 720575940627208168 8
720575940619822784 720575940627307194 31
720575940619822784 720575940627578615 10
720575940619822784 720575940628403791 8
720575940619822784 720575940628641127 5
720575940619822784 720575940629256779 7
720575940619822784 720575940629594106 9
720575940619822784 720575940630046767 14
720575940619822784 720575940630057979 13
720575940619822784 720575940630311383 24
720575940619822784 720575940630396022 250
720575940619822784 720575940632522848 5
720575940619822784 720575940632807193 47
720575940619822784 720575940634829168 10
720575940619822784 720575940635106202 84
720575940619822784 720575940637118527 7
720575940619822784 720575940642198491 13
720575940619822784 720575940644506222 25
720575940619822784 720575940646518382 14
720575940619847533 720575940602120928 6
720575940619847533 720575940609996773 9
720575940619847533 720575940624407944 46
720575940619847533 720575940624662508 9
720575940619847533 720575940626201372 28
720575940619847533 720575940626295326 5
720575940619847533 720575940627796298 68
720575940619847533 720575940632723938 6
720575940619847533 720575940635678871 5
720575940619847533 720575940636471408 9
720575940619847533 720575940641193717 6
720575940619847533 720575940641972384 8
720575940619847533 720575940644506222 8
720575940619847533 720575940650929273 8
720575940620203502 720575940605302974 5
720575940620203502 720575940610373326 5
720575940620203502 720575940610455781 11
720575940620203502 720575940617333976 9
720575940620203502 720575940619302640 16
720575940620203502 720575940619675712 19
720575940620203502 720575940620356545 29
720575940620203502 720575940620424472 6
720575940620203502 720575940620931348 22
720575940620203502 720575940621431492 10
720575940620203502 720575940624407944 5
720575940620203502 720575940624662508 5
720575940620203502 720575940625518736 13
720575940620203502 720575940627670032 5
720575940620203502 720575940628538732 8
720575940620203502 720575940629133052 7
720575940620203502 720575940630057979 17
720575940620203502 720575940630344396 11
720575940620203502 720575940632522848 13
720575940620203502 720575940634866586 9
720575940620203502 720575940636573108 21
720575940620203502 720575940636910825 19
720575940620203502 720575940640992731 13
720575940620203502 720575940646518382 51
720575940620356545 720575940607262219 8
720575940620356545 720575940609996773 6
720575940620356545 720575940610373326 6
720575940620356545 720575940612153746 5
720575940620356545 720575940613170498 5
720575940620356545 720575940615168985 5
720575940620356545 720575940615635037 16
720575940620356545 720575940618364480 11
720575940620356545 720575940620943969 5
720575940620356545 720575940624394790 6
720575940620356545 720575940624463242 50
720575940620356545 720575940629244357 5
720575940620356545 720575940629430978 17
720575940620356545 720575940630644727 16
720575940620356545 720575940632764883 27
720575940620356545 720575940634866586 8
720575940620356545 720575940635202204 9
720575940620356545 720575940637320567 6
720575940620356545 720575940646518382 19
720575940620356557 720575940605074278 12
720575940620356557 720575940605302974 10
720575940620356557 720575940607262219 7
720575940620356557 720575940610373326 10
720575940620356557 720575940615592409 12
720575940620356557 720575940617362772 20
720575940620356557 720575940618475101 10
720575940620356557 720575940620203502 5
720575940620356557 720575940620356545 9
720575940620356557 720575940620424472 7
720575940620356557 720575940624004535 11
720575940620356557 720575940624394790 9
720575940620356557 720575940624463242 12
720575940620356557 720575940625518736 28
720575940620356557 720575940627719294 17
720575940620356557 720575940628865644 38
720575940620356557 720575940629430978 7
720575940620356557 720575940632472850 30
720575940620356557 720575940632764883 5
720575940620356557 720575940632807193 29
720575940620356557 720575940635130905 10
720575940620356557 720575940635967886 6
720575940620356557 720575940637175349 5
720575940620356557 720575940638095293 10
720575940620356557 720575940641972384 5
720575940620356557 720575940644639342 6
720575940620369517 720575940604470240 59
720575940620369517 720575940617024562 127
720575940620369517 720575940622998627 6
720575940620369517 720575940625988227 10
720575940620369517 720575940626783065 19
720575940620369517 720575940630644727 19
720575940620369517 720575940635202204 11
720575940620369517 720575940635211768 6
720575940620424472 720575940606149321 5
720575940620424472 720575940608545219 6
720575940620424472 720575940608763512 16
720575940620424472 720575940612138792 15
720575940620424472 720575940618932763 6
720575940620424472 720575940624463242 8
720575940620476381 720575940604088288 38
720575940620476381 720575940608545219 7
720575940620476381 720575940617245652 8
720575940620476381 720575940618932763 9
720575940620476381 720575940623957173 5
720575940620476381 720575940626663953 7
720575940620476381 720575940626783065 18
720575940620476381 720575940630311383 5
720575940620476381 720575940635967886 11
720575940620565057 720575940617245652 8
720575940620565057 720575940627796298 65
720575940620565057 720575940633350812 7
720575940620565057 720575940635967886 20
720575940620718472 720575940604470240 6
720575940620718472 720575940624463242 6
720575940620718472 720575940625962242 6
720575940620718472 720575940625988227 5
720575940620718472 720575940645445156 7
720575940620931348 720575940605074278 5
720575940620931348 720575940606149321 9
720575940620931348 720575940607262219 13
720575940620931348 720575940613867938 6
720575940620931348 720575940619675712 6
720575940620931348 720575940624698170 12
720575940620931348 720575940625518736 9
720575940620931348 720575940627719294 5
720575940620931348 720575940627796298 5
720575940620931348 720575940628403791 13
720575940620931348 720575940628538732 5
720575940620931348 720575940631947095 11
720575940620931348 720575940632522848 5
720575940620931348 720575940636573108 13
720575940620931348 720575940640992731 6
720575940620943969 720575940605074278 162
720575940620943969 720575940606149321 29
720575940620943969 720575940607262219 16
720575940620943969 720575940608545219 120
720575940620943969 720575940610585317 7
720575940620943969 720575940610653462 157
720575940620943969 720575940615168985 6
720575940620943969 720575940615592961 61
720575940620943969 720575940615635037 5
720575940620943969 720575940617362772 5
720575940620943969 720575940618364480 12
720575940620943969 720575940620356545 12
720575940620943969 720575940620356557 6
720575940620943969 720575940620565057 6
720575940620943969 720575940622304243 25
720575940620943969 720575940623598058 11
720575940620943969 720575940624463242 43
720575940620943969 720575940625600284 110
720575940620943969 720575940627111752 91
720575940620943969 720575940628112231 109
720575940620943969 720575940630344396 6
720575940620943969 720575940630548035 165
720575940620943969 720575940631179807 16
720575940620943969 720575940632472850 262
720575940620943969 720575940632807193 314
720575940620943969 720575940635967886 53
720575940620943969 720575940639355008 9
720575940620943969 720575940639417728 80
720575940620943969 720575940643826212 7
720575940621067204 720575940613418547 12
720575940621067204 720575940617245652 44
720575940621067204 720575940619415679 50
720575940621067204 720575940627111752 6
720575940621067204 720575940628429626 8
720575940621067204 720575940630095045 8
720575940621067204 720575940631023567 6
720575940621067204 720575940632385943 31
720575940621067204 720575940634751918 11
720575940621067204 720575940635967886 8
720575940621067204 720575940637755507 25
720575940621067204 720575940639417728 5
720575940621067204 720575940644506222 6
720575940621147588 720575940622304243 11
720575940621147588 720575940627796298 20
720575940621147588 720575940628403791 24
720575940621147588 720575940629256779 8
720575940621147588 720575940643826212 11
720575940621170196 720575940618364480 5
720575940621170196 720575940619415679 6
720575940621170196 720575940620356545 47
720575940621170196 720575940626656010 5
720575940621170196 720575940632807193 14
720575940621170196 720575940633300148 5
720575940621170196 720575940634829168 5
720575940621170196 720575940635403230 7
720575940621170196 720575940646518382 40
720575940621264809 720575940610313570 11
720575940621264809 720575940610357458 18
720575940621264809 720575940610359758 11
720575940621264809 720575940613941618 10
720575940621264809 720575940619847533 5
720575940621264809 720575940622304243 5
720575940621264809 720575940624407944 16
720575940621264809 720575940627208168 6
720575940621264809 720575940627578615 13
720575940621264809 720575940627796298 56
720575940621264809 720575940628403791 35
720575940621264809 720575940629256779 11
720575940621264809 720575940639355008 6
720575940621347092 720575940610373326 5
720575940621347092 720575940620203502 7
720575940621347092 720575940621431492 5
720575940621347092 720575940630057979 7
720575940621347092 720575940636910825 6
720575940621431492 720575940617245652 6
720575940621431492 720575940618364480 5
720575940621431492 720575940618932763 9
720575940621431492 720575940620356545 5
720575940621431492 720575940623957173 7
720575940621431492 720575940630344396 12
720575940621431492 720575940632807193 14
720575940621431492 720575940635967886 7
720575940621431492 720575940636910825 6
720575940621554112 720575940605074278 5
720575940621554112 720575940606149321 5
720575940621554112 720575940615592961 6
720575940621554112 720575940620943969 36
720575940621554112 720575940628112231 9
720575940621554112 720575940630396022 42
720575940621554112 720575940636444742 10
720575940621554112 720575940640406094 5
720575940621608330 720575940616451909 8
720575940621608330 720575940617245652 37
720575940621608330 720575940623437180 9
720575940621608330 720575940627776506 17
720575940621608330 720575940636705502 7
720575940621608330 720575940637755507 11
720575940621608330 720575940642401060 10
720575940621608330 720575940644252951 7
720575940621765846 720575940605302974 5
720575940621765846 720575940618364480 9
720575940621765846 720575940619415679 6
720575940621765846 720575940620356545 15
720575940621765846 720575940627670032 6
720575940621765846 720575940628865644 7
720575940621765846 720575940630344396 7
720575940621765846 720575940646518382 8
720575940621870204 720575940618475101 6
720575940621870204 720575940620356545 5
720575940621870204 720575940623598058 6
720575940621870204 720575940624463242 6
720575940621870204 720575940626201372 8
720575940621870204 720575940628865644 37
720575940621870204 720575940629430978 7
720575940621870204 720575940638095293 8
720575940622233699 720575940649591673 13
720575940622266236 720575940625912871 62
720575940622266236 720575940634458719 10
720575940622266236 720575940635202204 10
720575940622304243 720575940610313570 9
720575940622304243 720575940615592961 39
720575940622304243 720575940620943969 29
720575940622304243 720575940624463242 9
720575940622304243 720575940624615462 11
720575940622304243 720575940627111752 34
720575940622304243 720575940627307194 9
720575940622304243 720575940628112231 56
720575940622304243 720575940628403791 66
720575940622304243 720575940628538732 6
720575940622304243 720575940629256779 19
720575940622304243 720575940630733884 6
720575940622304243 720575940631947095 5
720575940622304243 720575940635106202 6
720575940622304243 720575940639355008 53
720575940622304243 720575940643826212 5
720575940622304243 720575940644639342 8
720575940622503133 720575940617245652 7
720575940622503133 720575940624463242 6
720575940622503133 720575940627776506 6
720575940622503133 720575940629373687 6
720575940622503133 720575940634396863 5
720575940622503133 720575940635967886 20
720575940622673387 720575940606149321 5
720575940622673387 720575940608545219 24
720575940622673387 720575940619822784 18
720575940622673387 720575940625518736 8
720575940622673387 720575940632472850 31
720575940622673387 720575940635967886 9
720575940622673387 720575940639417728 21
720575940622680724 720575940604938342 5
720575940622680724 720575940605074278 16
720575940622680724 720575940607262219 36
720575940622680724 720575940610228344 6
720575940622680724 720575940610455781 7
720575940622680724 720575940610653462 17
720575940622680724 720575940615168985 43
720575940622680724 720575940615592409 7
720575940622680724 720575940615635037 5
720575940622680724 720575940617245652 23
720575940622680724 720575940619688688 32
720575940622680724 720575940620356557 6
720575940622680724 720575940620943969 91
720575940622680724 720575940624068028 10
720575940622680724 720575940625518736 7
720575940622680724 720575940625600284 10
720575940622680724 720575940627670032 7
720575940622680724 720575940627719294 8
720575940622680724 720575940628837650 12
720575940622680724 720575940630311383 6
720575940622680724 720575940630344396 5
720575940622680724 720575940630396022 12
720575940622680724 720575940630548035 25
720575940622680724 720575940630733884 95
720575940622680724 720575940631947095 5
720575940622680724 720575940632472850 54
720575940622680724 720575940632764883 8
720575940622680724 720575940632807193 98
720575940622680724 720575940637175349 24
720575940622680724 720575940639417728 7
720575940622680724 720575940640406094 6
720575940622680724 720575940643754862 5
720575940622709287 720575940602120928 5
720575940622709287 720575940606446770 11
720575940622709287 720575940613034602 7
720575940622709287 720575940614987276 14
720575940622709287 720575940618984475 6
720575940622709287 720575940619847533 8
720575940622709287 720575940624662508 6
720575940622709287 720575940626201372 17
720575940622709287 720575940627796298 12
720575940622709287 720575940628403791 6
720575940622709287 720575940631427409 5
720575940622709287 720575940632723938 10
720575940622709287 720575940634866586 16
720575940622709287 720575940635106202 6
720575940622709287 720575940635678871 9
720575940622709287 720575940636471408 6
720575940622709287 720575940642331533 11
720575940622709287 720575940644506222 7
720575940622709287 720575940646518382 23
720575940622843530 720575940605074278 7
720575940622843530 720575940620943969 43
720575940622843530 720575940621554112 6
720575940622843530 720575940628112231 9
720575940622843530 720575940630396022 58
720575940622843530 720575940640406094 12
720575940622998627 720575940604088288 77
720575940622998627 720575940610455781 18
720575940622998627 720575940618165393 10
720575940622998627 720575940618364480 5
720575940622998627 720575940619675712 5
720575940622998627 720575940620369517 8
720575940622998627 720575940621431492 5
720575940622998627 720575940624004535 7
720575940622998627 720575940624463242 11
720575940622998627 720575940626783065 80
720575940622998627 720575940628641127 21
720575940622998627 720575940630057979 11
720575940622998627 720575940630311383 25
720575940622998627 720575940632011420 6
720575940622998627 720575940632472850 7
720575940622998627 720575940632522848 7
720575940622998627 720575940634458719 6
720575940622998627 720575940634866586 7
720575940622998627 720575940635130905 7
720575940622998627 720575940636910825 6
720575940623256202 720575940613034602 10
720575940623256202 720575940613867938 7
720575940623256202 720575940618475101 8
720575940623256202 720575940620203502 6
720575940623256202 720575940623725972 27
720575940623256202 720575940631022336 5
720575940623256202 720575940633300148 20
720575940623256202 720575940634866586 29
720575940623256202 720575940635754853 5
720575940623256202 720575940638095293 21
720575940623256202 720575940646518382 6
720575940623261481 720575940618165393 40
720575940623368906 720575940610140309 7
720575940623368906 720575940620356545 37
720575940623368906 720575940627670032 5
720575940623368906 720575940628916791 5
720575940623368906 720575940632472850 5
720575940623368906 720575940634458719 8
720575940623368906 720575940635754853 5
720575940623368906 720575940637320567 5
720575940623368906 720575940646518382 33
720575940623437180 720575940613941618 7
720575940623437180 720575940616502109 11
720575940623437180 720575940623957173 7
720575940623437180 720575940626201372 56
720575940623437180 720575940627796298 48
720575940623437180 720575940644252951 14
720575940623437180 720575940644259876 18
720575940623531301 720575940608683477 6
720575940623531301 720575940611401709 17
720575940623531301 720575940618364480 18
720575940623531301 720575940619302640 5
720575940623531301 720575940619675712 10
720575940623531301 720575940620356545 46
720575940623531301 720575940620931348 20
720575940623531301 720575940621765846 7
720575940623531301 720575940624463242 9
720575940623531301 720575940626793831 12
720575940623531301 720575940627670032 9
720575940623531301 720575940629430978 5
720575940623531301 720575940630344396 8
720575940623531301 720575940631179807 16
720575940623531301 720575940633300148 6
720575940623531301 720575940634866586 7
720575940623531301 720575940638095293 6
720575940623531301 720575940639331829 6
720575940623531301 720575940640176848 55
720575940623531301 720575940640992731 23
720575940623598058 720575940606149321 60
720575940623598058 720575940608545219 109
720575940623598058 720575940616054843 23
720575940623598058 720575940618183765 13
720575940623598058 720575940618932763 10
720575940623598058 720575940620356545 15
720575940623598058 720575940621870204 5
720575940623598058 720575940624004535 39
720575940623598058 720575940627681406 5
720575940623598058 720575940628865644 173
720575940623598058 720575940630548035 12
720575940623598058 720575940632011420 5
720575940623725972 720575940604445868 13
720575940623725972 720575940605074278 9
720575940623725972 720575940605302974 23
720575940623725972 720575940610455781 7
720575940623725972 720575940612479850 8
720575940623725972 720575940613034602 17
720575940623725972 720575940613170498 8
720575940623725972 720575940613867938 5
720575940623725972 720575940615592409 5
720575940623725972 720575940617034398 12
720575940623725972 720575940617362772 9
720575940623725972 720575940618475101 15
720575940623725972 720575940618984475 8
720575940623725972 720575940619688688 5
720575940623725972 720575940620203502 27
720575940623725972 720575940620356545 12
720575940623725972 720575940620356557 8
720575940623725972 720575940621431492 7
720575940623725972 720575940624004535 22
720575940623725972 720575940624394790 31
720575940623725972 720575940626201372 54
720575940623725972 720575940626663953 6
720575940623725972 720575940627670032 9
720575940623725972 720575940627719294 11
720575940623725972 720575940627796298 72
720575940623725972 720575940628218844 13
720575940623725972 720575940628403791 8
720575940623725972 720575940628837650 10
720575940623725972 720575940628865644 117
720575940623725972 720575940628916791 19
720575940623725972 720575940629244357 10
720575940623725972 720575940629430978 76
720575940623725972 720575940630057979 12
720575940623725972 720575940632522848 13
720575940623725972 720575940632764883 7
720575940623725972 720575940632807193 7
720575940623725972 720575940633300148 21
720575940623725972 720575940636471408 7
720575940623725972 720575940636573108 14
720575940623725972 720575940636910825 9
720575940623725972 720575940637320567 19
720575940623725972 720575940638095293 8
720575940623725972 720575940639355008 19
720575940623725972 720575940640176848 16
720575940623725972 720575940641450656 19
720575940623725972 720575940641972384 7
720575940623725972 720575940642331533 5
720575940623776743 720575940602120928 23
720575940623776743 720575940604445868 22
720575940623776743 720575940605074278 40
720575940623776743 720575940610653462 16
720575940623776743 720575940611401709 80
720575940623776743 720575940613034602 35
720575940623776743 720575940613867938 20
720575940623776743 720575940614265827 10
720575940623776743 720575940616079188 9
720575940623776743 720575940617034398 38
720575940623776743 720575940617653277 17
720575940623776743 720575940619847533 6
720575940623776743 720575940620931348 38
720575940623776743 720575940622304243 53
720575940623776743 720575940623725972 41
720575940623776743 720575940624662508 20
720575940623776743 720575940627850618 34
720575940623776743 720575940628403791 25
720575940623776743 720575940628538732 51
720575940623776743 720575940629407020 7
720575940623776743 720575940630548035 56
720575940623776743 720575940631947095 5
720575940623776743 720575940633300148 43
720575940623776743 720575940635106202 7
720575940623776743 720575940636471408 23
720575940623776743 720575940636573108 48
720575940623776743 720575940640176848 146
720575940623776743 720575940640992731 53
720575940623776743 720575940641972384 25
720575940623776743 720575940643826212 18
720575940623776743 720575940644259876 5
720575940623776743 720575940644639342 43
720575940623776743 720575940654220193 5
720575940623855397 720575940610455781 5
720575940623855397 720575940623957173 6
720575940623957173 720575940602120928 5
720575940623957173 720575940611401709 6
720575940623957173 720575940613418547 15
720575940623957173 720575940613941618 33
720575940623957173 720575940615281862 22
720575940623957173 720575940617653277 15
720575940623957173 720575940621264809 19
720575940623957173 720575940626295326 6
720575940623957173 720575940626663953 16
720575940623957173 720575940627439592 5
720575940623957173 720575940627745641 17
720575940623957173 720575940627796298 6
720575940623957173 720575940627850618 10
720575940623957173 720575940628429626 5
720575940623957173 720575940628641127 22
720575940623957173 720575940629249783 117
720575940623957173 720575940630057979 5
720575940623957173 720575940631023567 8
720575940623957173 720575940634458719 10
720575940623957173 720575940634829168 11
720575940623957173 720575940635403230 14
720575940623957173 720575940635678871 47
720575940623957173 720575940636910825 6
720575940623957173 720575940640176848 6
720575940623957173 720575940640678352 8
720575940623957173 720575940644506222 14
720575940624004535 720575940624463242 5
720575940624004535 720575940631022336 10
720575940624068028 720575940604938342 7
720575940624068028 720575940606149321 15
720575940624068028 720575940608545219 9
720575940624068028 720575940610228344 5
720575940624068028 720575940617245652 23
720575940624068028 720575940618932763 5
720575940624068028 720575940625518736 11
720575940624068028 720575940627719294 6
720575940624068028 720575940628865644 27
720575940624068028 720575940630344396 5
720575940624068028 720575940632472850 45
720575940624068028 720575940632807193 11
720575940624068028 720575940639417728 5
720575940624336647 720575940617024562 11
720575940624336647 720575940617245652 107
720575940624336647 720575940618475101 5
720575940624336647 720575940618932763 5
720575940624336647 720575940619415679 121
720575940624336647 720575940620943969 8
720575940624336647 720575940621608330 6
720575940624336647 720575940624915128 9
720575940624336647 720575940626139175 6
720575940624336647 720575940626793831 27
720575940624336647 720575940627790991 5
720575940624336647 720575940630311383 10
720575940624336647 720575940630344396 12
720575940624336647 720575940630734075 10
720575940624336647 720575940631022336 12
720575940624336647 720575940631179807 18
720575940624336647 720575940632385943 82
720575940624336647 720575940637755507 22
720575940624336647 720575940638095293 19
720575940624336647 720575940639417728 13
720575940624336647 720575940652283126 11
720575940624394790 720575940602120928 6
720575940624394790 720575940604088288 20
720575940624394790 720575940604470240 9
720575940624394790 720575940605074278 7
720575940624394790 720575940606149321 99
720575940624394790 720575940607262219 8
720575940624394790 720575940608545219 39
720575940624394790 720575940610357458 5
720575940624394790 720575940611401709 7
720575940624394790 720575940612149362 10
720575940624394790 720575940613867938 15
720575940624394790 720575940613941618 6
720575940624394790 720575940614987276 5
720575940624394790 720575940616664550 7
720575940624394790 720575940617034398 7
720575940624394790 720575940617110555 7
720575940624394790 720575940618340057 5
720575940624394790 720575940618364480 9
720575940624394790 720575940618475101 11
720575940624394790 720575940618932763 26
720575940624394790 720575940619302640 7
720575940624394790 720575940619623407 10
720575940624394790 720575940619675712 8
720575940624394790 720575940620203502 7
720575940624394790 720575940620356545 93
720575940624394790 720575940620424472 5
720575940624394790 720575940620931348 14
720575940624394790 720575940620943969 14
720575940624394790 720575940621431492 10
720575940624394790 720575940621554112 9
720575940624394790 720575940621765846 13
720575940624394790 720575940622843530 8
720575940624394790 720575940623725972 18
720575940624394790 720575940623957173 32
720575940624394790 720575940624004535 6
720575940624394790 720575940624615462 9
720575940624394790 720575940624698170 12
720575940624394790 720575940625518736 95
720575940624394790 720575940626201372 10
720575940624394790 720575940626295326 5
720575940624394790 720575940626783065 12
720575940624394790 720575940626793831 33
720575940624394790 720575940627662279 9
720575940624394790 720575940627670032 13
720575940624394790 720575940627750216 6
720575940624394790 720575940627796298 54
720575940624394790 720575940628112231 10
720575940624394790 720575940628350567 5
720575940624394790 720575940628403791 8
720575940624394790 720575940628706325 5
720575940624394790 720575940628865644 9
720575940624394790 720575940628916791 9
720575940624394790 720575940629249783 5
720575940624394790 720575940630057979 7
720575940624394790 720575940630311383 7
720575940624394790 720575940630344396 14
720575940624394790 720575940630396022 17
720575940624394790 720575940630644727 60
720575940624394790 720575940631022336 6
720575940624394790 720575940631023567 9
720575940624394790 720575940631179807 14
720575940624394790 720575940631275050 34
720575940624394790 720575940631947095 6
720575940624394790 720575940632522848 6
720575940624394790 720575940632764883 5
720575940624394790 720575940632807193 7
720575940624394790 720575940633300148 25
720575940624394790 720575940633677167 9
720575940624394790 720575940634371941 5
720575940624394790 720575940634474894 11
720575940624394790 720575940634750871 22
720575940624394790 720575940634866586 10
720575940624394790 720575940635106202 12
720575940624394790 720575940635202204 36
720575940624394790 720575940635211768 5
720575940624394790 720575940635754853 9
720575940624394790 720575940636471408 6
720575940624394790 720575940636910825 20
720575940624394790 720575940637320567 5
720575940624394790 720575940638095293 21
720575940624394790 720575940639417728 5
720575940624394790 720575940640176848 30
720575940624394790 720575940640406094 6
720575940624394790 720575940640678352 12
720575940624394790 720575940640992731 8
720575940624394790 720575940644361582 8
720575940624394790 720575940644639342 9
720575940624394790 720575940645445156 6
720575940624394790 720575940646518382 65
720575940624407944 720575940604470240 7
720575940624407944 720575940617024562 6
720575940624407944 720575940617034398 5
720575940624407944 720575940620369517 8
720575940624407944 720575940623725972 6
720575940624407944 720575940628403791 6
720575940624407944 720575940633300148 9
720575940624407944 720575940635211768 5
720575940624409575 720575940604088288 23
720575940624409575 720575940618364480 5
720575940624409575 720575940626783065 9
720575940624457412 720575940609996773 6
720575940624457412 720575940613034602 5
720575940624457412 720575940613867938 8
720575940624457412 720575940623957173 18
720575940624457412 720575940626663953 6
720575940624457412 720575940626783065 11
720575940624457412 720575940627750216 39
720575940624457412 720575940627796298 11
720575940624457412 720575940634458719 58
720575940624457412 720575940634750871 22
720575940624457412 720575940636573108 7
720575940624462850 720575940613867938 5
720575940624462850 720575940617653277 15
720575940624462850 720575940623437180 6
720575940624462850 720575940626663953 16
720575940624462850 720575940627850618 7
720575940624462850 720575940634458719 12
720575940624462850 720575940634750871 7
720575940624462850 720575940635678871 5
720575940624463242 720575940635202204 5
720575940624471373 720575940606149321 6
720575940624471373 720575940627662279 6
720575940624471373 720575940630396022 25
720575940624615462 720575940608545219 11
720575940624615462 720575940624463242 8
720575940624615462 720575940625518736 9
720575940624615462 720575940627111752 8
720575940624615462 720575940632472850 19
720575940624615462 720575940635967886 51
720575940624615462 720575940639417728 6
720575940624662508 720575940602120928 8
720575940624662508 720575940613867938 10
720575940624662508 720575940620369517 9
720575940624662508 720575940626201372 24
720575940624662508 720575940627796298 12
720575940624662508 720575940627850618 6
720575940624662508 720575940632522848 7
720575940624662508 720575940634371941 5
720575940624662508 720575940634458719 22
720575940624662508 720575940635640312 9
720575940624662508 720575940636471408 8
720575940624662508 720575940639220550 6
720575940624662508 720575940641972384 9
720575940624698170 720575940608545219 22
720575940624698170 720575940610455781 6
720575940624698170 720575940613867938 7
720575940624698170 720575940617362772 6
720575940624698170 720575940620356545 5
720575940624698170 720575940626663953 17
720575940624698170 720575940629249783 10
720575940624698170 720575940630344396 8
720575940624698170 720575940631179807 6
720575940624698170 720575940632807193 7
720575940624698170 720575940644639342 5
720575940624698170 720575940646518382 43
720575940624915128 720575940610228344 13
720575940624915128 720575940617245652 17
720575940624915128 720575940618932763 6
720575940624915128 720575940620356557 7
720575940624915128 720575940624068028 10
720575940624915128 720575940627899751 9
720575940624915128 720575940632472850 14
720575940624915128 720575940634396863 5
720575940624915128 720575940635967886 20
720575940624915128 720575940640406094 10
720575940624915128 720575940643754862 8
720575940625226506 720575940602120928 5
720575940625226506 720575940608545219 5
720575940625226506 720575940611401709 6
720575940625226506 720575940613867938 10
720575940625226506 720575940618364480 6
720575940625226506 720575940619675712 7
720575940625226506 720575940620356545 19
720575940625226506 720575940624662508 5
720575940625226506 720575940627796298 35
720575940625226506 720575940628403791 5
720575940625226506 720575940632522848 9
720575940625226506 720575940633350812 10
720575940625226506 720575940635754853 8
720575940625226506 720575940635967886 14
720575940625226506 720575940640992731 7
720575940625226506 720575940646518382 6
720575940625323620 720575940625518736 34
720575940625323620 720575940625962242 12
720575940625323620 720575940628706325 13
720575940625323620 720575940645445156 24
720575940625385861 720575940604088288 10
720575940625385861 720575940605074278 10
720575940625385861 720575940608545219 16
720575940625385861 720575940618475101 5
720575940625385861 720575940618932763 20
720575940625385861 720575940619688688 6
720575940625385861 720575940621554112 27
720575940625385861 720575940622843530 27
720575940625385861 720575940624463242 10
720575940625385861 720575940628837650 5
720575940625385861 720575940630548035 11
720575940625385861 720575940632472850 67
720575940625385861 720575940632807193 8
720575940625385861 720575940635967886 6
720575940625385861 720575940637175349 8
720575940625385861 720575940638095293 6
720575940625453340 720575940608545219 6
720575940625453340 720575940618932763 14
720575940625453340 720575940635130905 6
720575940625518736 720575940604088288 6
720575940625518736 720575940623855397 5
720575940625518736 720575940624068028 6
720575940625518736 720575940627719294 7
720575940625518736 720575940632807193 5
720575940625518736 720575940643754862 7
720575940625600284 720575940604088288 9
720575940625600284 720575940607262219 8
720575940625600284 720575940607800242 14
720575940625600284 720575940612149362 7
720575940625600284 720575940615592961 22
720575940625600284 720575940618831576 8
720575940625600284 720575940619507184 10
720575940625600284 720575940620943969 60
720575940625600284 720575940622680724 11
720575940625600284 720575940624615462 8
720575940625600284 720575940627111752 11
720575940625600284 720575940627208168 11
720575940625600284 720575940627307194 5
720575940625600284 720575940628112231 33
720575940625600284 720575940628403791 10
720575940625600284 720575940628463468 12
720575940625600284 720575940629256779 15
720575940625600284 720575940630396022 5
720575940625600284 720575940630733884 6
720575940625600284 720575940635106202 15
720575940625600284 720575940637064926 5
720575940625600284 720575940639355008 16
720575940625912871 720575940604088288 6
720575940625912871 720575940607262219 10
720575940625912871 720575940610455781 8
720575940625912871 720575940610585317 10
720575940625912871 720575940612149362 16
720575940625912871 720575940615168985 9
720575940625912871 720575940617110555 11
720575940625912871 720575940618248129 7
720575940625912871 720575940619688688 9
720575940625912871 720575940620565057 6
720575940625912871 720575940620943969 36
720575940625912871 720575940621431492 5
720575940625912871 720575940621608330 5
720575940625912871 720575940622503133 5
720575940625912871 720575940624394790 6
720575940625912871 720575940624615462 17
720575940625912871 720575940626579333 7
720575940625912871 720575940627307194 10
720575940625912871 720575940628350567 12
720575940625912871 720575940628837650 8
720575940625912871 720575940628865644 6
720575940625912871 720575940630396022 8
720575940625912871 720575940630733884 19
720575940625912871 720575940631022336 7
720575940625912871 720575940632472850 5
720575940625912871 720575940634396863 5
720575940625912871 720575940635967886 13
720575940625912871 720575940637175349 6
720575940625962242 720575940622266236 5
720575940625962242 720575940622998627 5
720575940625962242 720575940624463242 9
720575940625988227 720575940604470240 9
720575940625988227 720575940606149321 35
720575940625988227 720575940608545219 9
720575940625988227 720575940618932763 11
720575940625988227 720575940620356545 5
720575940625988227 720575940625518736 119
720575940625988227 720575940632472850 11
720575940625988227 720575940632807193 9
720575940625988227 720575940635211768 9
720575940625988227 720575940636910825 5
720575940626139175 720575940604088288 5
720575940626139175 720575940608545219 5
720575940626139175 720575940610228344 5
720575940626139175 720575940617245652 26
720575940626139175 720575940618932763 23
720575940626139175 720575940620476381 7
720575940626139175 720575940620943969 11
720575940626139175 720575940624394790 8
720575940626139175 720575940627111752 12
720575940626139175 720575940630311383 25
720575940626139175 720575940630344396 9
720575940626139175 720575940633564920 6
720575940626139175 720575940635967886 23
720575940626139175 720575940640406094 12
720575940626201372 720575940602120928 27
720575940626201372 720575940605423806 7
720575940626201372 720575940608683477 35
720575940626201372 720575940609996773 6
720575940626201372 720575940613113325 56
720575940626201372 720575940613867938 30
720575940626201372 720575940614265827 40
720575940626201372 720575940615281862 16
720575940626201372 720575940616079188 25
720575940626201372 720575940616502109 43
720575940626201372 720575940617034398 9
720575940626201372 720575940617611921 109
720575940626201372 720575940617653277 7
720575940626201372 720575940618475101 24
720575940626201372 720575940618984475 10
720575940626201372 720575940619847533 16
720575940626201372 720575940621264809 11
720575940626201372 720575940621870204 8
720575940626201372 720575940622709287 6
720575940626201372 720575940623437180 50
720575940626201372 720575940623725972 21
720575940626201372 720575940623776743 21
720575940626201372 720575940624394790 7
720575940626201372 720575940624407944 17
720575940626201372 720575940624662508 36
720575940626201372 720575940626295326 16
720575940626201372 720575940626663953 36
720575940626201372 720575940626783065 54
720575940626201372 720575940627750216 26
720575940626201372 720575940627796298 7
720575940626201372 720575940627850618 10
720575940626201372 720575940628505873 7
720575940626201372 720575940628520812 24
720575940626201372 720575940629211847 15
720575940626201372 720575940629407020 14
720575940626201372 720575940631023567 28
720575940626201372 720575940631179807 6
720575940626201372 720575940631427409 11
720575940626201372 720575940632723938 9
720575940626201372 720575940633300148 8
720575940626201372 720575940634750871 14
720575940626201372 720575940634829168 13
720575940626201372 720575940634866586 8
720575940626201372 720575940635106202 5
720575940626201372 720575940635403230 11
720575940626201372 720575940635678871 24
720575940626201372 720575940636471408 32
720575940626201372 720575940637834301 9
720575940626201372 720575940638095293 45
720575940626201372 720575940640678352 48
720575940626201372 720575940641193717 62
720575940626201372 720575940641972384 18
720575940626201372 720575940642331533 15
720575940626201372 720575940644252951 44
720575940626201372 720575940644259876 45
720575940626201372 720575940644361582 20
720575940626201372 720575940646518382 70
720575940626201372 720575940650929273 7
720575940626201372 720575940654220193 7
720575940626295326 720575940606446770 7
720575940626295326 720575940613034602 7
720575940626295326 720575940614987276 18
720575940626295326 720575940618984475 7
720575940626295326 720575940619847533 11
720575940626295326 720575940622709287 9
720575940626295326 720575940624394790 6
720575940626295326 720575940626201372 20
720575940626295326 720575940627796298 30
720575940626295326 720575940628505873 7
720575940626295326 720575940631427409 6
720575940626295326 720575940632723938 11
720575940626295326 720575940634866586 27
720575940626295326 720575940635106202 9
720575940626295326 720575940635678871 19
720575940626295326 720575940636471408 6
720575940626295326 720575940642331533 10
720575940626295326 720575940644506222 5
720575940626295326 720575940646518382 36
720575940626579333 720575940606149321 6
720575940626579333 720575940608545219 43
720575940626579333 720575940610585317 15
720575940626579333 720575940615592961 6
720575940626579333 720575940616054843 10
720575940626579333 720575940617110555 11
720575940626579333 720575940617362772 10
720575940626579333 720575940618183765 7
720575940626579333 720575940618248129 5
720575940626579333 720575940618364480 5
720575940626579333 720575940620356545 15
720575940626579333 720575940624004535 13
720575940626579333 720575940624463242 10
720575940626579333 720575940627719294 7
720575940626579333 720575940627776506 14
720575940626579333 720575940628112231 6
720575940626579333 720575940628865644 13
720575940626579333 720575940629373687 5
720575940626579333 720575940630311383 16
720575940626579333 720575940630396022 7
720575940626579333 720575940634396863 7
720575940626579333 720575940639417728 18
720575940626656010 720575940614669707 6
720575940626656010 720575940618364480 6
720575940626656010 720575940624463242 11
720575940626656010 720575940628865644 69
720575940626656010 720575940639331829 11
720575940626663953 720575940602120928 37
720575940626663953 720575940604445868 6
720575940626663953 720575940606446770 8
720575940626663953 720575940609996773 6
720575940626663953 720575940613034602 9
720575940626663953 720575940613867938 31
720575940626663953 720575940613941618 33
720575940626663953 720575940616079188 6
720575940626663953 720575940616592704 7
720575940626663953 720575940617034398 5
720575940626663953 720575940617653277 12
720575940626663953 720575940618831576 11
720575940626663953 720575940620931348 5
720575940626663953 720575940623437180 5
720575940626663953 720575940623957173 5
720575940626663953 720575940624407944 23
720575940626663953 720575940624662508 33
720575940626663953 720575940624698170 17
720575940626663953 720575940626201372 20
720575940626663953 720575940626295326 7
720575940626663953 720575940627670032 12
720575940626663953 720575940627796298 320
720575940626663953 720575940627850618 20
720575940626663953 720575940628403791 96
720575940626663953 720575940628520812 5
720575940626663953 720575940629249783 5
720575940626663953 720575940630057979 10
720575940626663953 720575940630344396 9
720575940626663953 720575940631427409 7
720575940626663953 720575940631947095 10
720575940626663953 720575940632723938 23
720575940626663953 720575940633300148 5
720575940626663953 720575940634458719 25
720575940626663953 720575940635106202 11
720575940626663953 720575940635678871 11
720575940626663953 720575940636471408 6
720575940626663953 720575940636573108 9
720575940626663953 720575940639355008 5
720575940626663953 720575940640678352 7
720575940626663953 720575940640992731 8
720575940626663953 720575940641193717 21
720575940626663953 720575940643826212 8
720575940626663953 720575940644252951 8
720575940626663953 720575940644259876 9
720575940626663953 720575940644361582 7
720575940626663953 720575940646518382 21
720575940626783065 720575940606218528 43
720575940626783065 720575940606446770 19
720575940626783065 720575940609996773 11
720575940626783065 720575940610313570 130
720575940626783065 720575940612710883 26
720575940626783065 720575940613867938 13
720575940626783065 720575940613941618 13
720575940626783065 720575940614987276 8
720575940626783065 720575940615281862 43
720575940626783065 720575940615592961 5
720575940626783065 720575940617653277 5
720575940626783065 720575940618165393 9
720575940626783065 720575940618340057 12
720575940626783065 720575940619822784 6
720575940626783065 720575940619847533 6
720575940626783065 720575940620369517 5
720575940626783065 720575940621147588 38
720575940626783065 720575940621264809 50
720575940626783065 720575940622304243 42
720575940626783065 720575940622998627 5
720575940626783065 720575940623957173 44
720575940626783065 720575940624394790 17
720575940626783065 720575940626201372 5
720575940626783065 720575940626663953 6
720575940626783065 720575940627750216 59
720575940626783065 720575940627796298 147
720575940626783065 720575940628112231 10
720575940626783065 720575940628403791 173
720575940626783065 720575940628538732 30
720575940626783065 720575940628641127 23
720575940626783065 720575940628793621 8
720575940626783065 720575940629256779 5
720575940626783065 720575940629594106 5
720575940626783065 720575940633205295 17
720575940626783065 720575940634458719 84
720575940626783065 720575940634750871 83
720575940626783065 720575940635106202 37
720575940626783065 720575940636573108 44
720575940626783065 720575940639355008 45
720575940626783065 720575940640992731 6
720575940626783065 720575940643826212 46
720575940626783065 720575940644361582 17
720575940626783065 720575940644506222 19
720575940626783065 720575940644639342 11
720575940626783065 720575940645345134 6
720575940626793831 720575940602120928 6
720575940626793831 720575940605074278 19
720575940626793831 720575940610455781 7
720575940626793831 720575940610653462 9
720575940626793831 720575940612580067 5
720575940626793831 720575940618475101 22
720575940626793831 720575940619675712 5
720575940626793831 720575940620203502 5
720575940626793831 720575940620931348 22
720575940626793831 720575940620943969 18
720575940626793831 720575940621431492 5
720575940626793831 720575940622304243 9
720575940626793831 720575940623725972 22
720575940626793831 720575940624394790 5
720575940626793831 720575940624407944 11
720575940626793831 720575940624463242 5
720575940626793831 720575940624662508 7
720575940626793831 720575940627670032 16
720575940626793831 720575940628112231 12
720575940626793831 720575940628538732 14
720575940626793831 720575940628865644 5
720575940626793831 720575940630057979 8
720575940626793831 720575940630344396 6
720575940626793831 720575940630548035 17
720575940626793831 720575940631179807 6
720575940626793831 720575940632522848 10
720575940626793831 720575940633300148 32
720575940626793831 720575940634474894 6
720575940626793831 720575940636573108 30
720575940626793831 720575940636910825 9
720575940626793831 720575940638095293 28
720575940626793831 720575940640176848 14
720575940626793831 720575940640992731 7
720575940626793831 720575940644639342 14
720575940626811153 720575940618340057 13
720575940626811153 720575940626663953 75
720575940626811153 720575940635106202 16
720575940626811153 720575940644506222 5
720575940626833994 720575940608545219 17
720575940626833994 720575940610373326 6
720575940626833994 720575940620943969 23
720575940626833994 720575940624463242 8
720575940626833994 720575940625518736 8
720575940626833994 720575940628112231 11
720575940626833994 720575940630311383 48
720575940626885124 720575940604470240 9
720575940626885124 720575940608763512 16
720575940626885124 720575940612138792 21
720575940626885124 720575940626783065 6
720575940626885124 720575940632011420 7
720575940627084905 720575940606149321 11
720575940627084905 720575940608545219 13
720575940627084905 720575940626201372 26
720575940627084905 720575940628865644 103
720575940627111752 720575940602483424 27
720575940627111752 720575940613867938 176
720575940627111752 720575940616951739 34
720575940627111752 720575940619592768 63
720575940627111752 720575940620931348 5
720575940627111752 720575940620943969 7
720575940627111752 720575940627796298 15
720575940627111752 720575940628403791 81
720575940627111752 720575940628538732 16
720575940627111752 720575940631947095 8
720575940627111752 720575940634458719 103
720575940627111752 720575940634750871 5
720575940627111752 720575940636573108 32
720575940627208168 720575940624407944 5
720575940627208168 720575940626663953 50
720575940627208168 720575940627750216 9
720575940627208168 720575940627796298 7
720575940627208168 720575940628793621 5
720575940627208168 720575940629249783 6
720575940627208168 720575940634458719 23
720575940627307194 720575940608545219 12
720575940627307194 720575940619822784 11
720575940627307194 720575940625518736 8
720575940627307194 720575940632472850 53
720575940627307194 720575940635967886 30
720575940627307194 720575940639417728 7
720575940627370110 720575940617653277 19
720575940627370110 720575940623957173 5
720575940627370110 720575940626663953 15
720575940627370110 720575940627850618 6
720575940627370110 720575940634458719 14
720575940627439592 720575940611401709 13
720575940627439592 720575940615281862 10
720575940627439592 720575940621264809 6
720575940627439592 720575940623725972 25
720575940627439592 720575940633300148 7
720575940627439592 720575940634829168 86
720575940627439592 720575940635403230 88
720575940627439592 720575940640176848 14
720575940627439592 720575940640992731 9
720575940627439592 720575940644506222 18
720575940627439592 720575940644639342 19
720575940627578615 720575940610140309 5
720575940627578615 720575940612580067 6
720575940627578615 720575940618932763 7
720575940627578615 720575940620356545 27
720575940627578615 720575940620931348 8
720575940627578615 720575940623957173 12
720575940627578615 720575940625453340 12
720575940627578615 720575940630057979 5
720575940627578615 720575940630344396 6
720575940627578615 720575940632472850 10
720575940627578615 720575940632807193 7
720575940627578615 720575940634829168 6
720575940627578615 720575940636910825 6
720575940627578615 720575940638095293 9
720575940627578615 720575940646518382 42
720575940627662279 720575940606149321 63
720575940627662279 720575940608545219 60
720575940627662279 720575940610373326 8
720575940627662279 720575940618183765 14
720575940627662279 720575940620424472 7
720575940627662279 720575940620943969 63
720575940627662279 720575940624463242 5
720575940627662279 720575940627307194 6
720575940627662279 720575940628112231 10
720575940627662279 720575940630311383 55
720575940627670032 720575940605074278 6
720575940627670032 720575940607262219 11
720575940627670032 720575940613867938 5
720575940627670032 720575940615168985 6
720575940627670032 720575940617245652 13
720575940627670032 720575940618364480 9
720575940627670032 720575940618932763 5
720575940627670032 720575940620356545 8
720575940627670032 720575940624463242 5
720575940627670032 720575940630344396 7
720575940627670032 720575940636573108 8
720575940627681406 720575940618932763 15
720575940627681406 720575940624004535 9
720575940627681406 720575940624463242 13
720575940627718394 720575940613034602 10
720575940627718394 720575940613867938 7
720575940627718394 720575940618475101 8
720575940627718394 720575940623725972 17
720575940627718394 720575940626663953 6
720575940627718394 720575940626793831 9
720575940627718394 720575940631179807 5
720575940627718394 720575940633300148 10
720575940627718394 720575940634866586 33
720575940627718394 720575940638095293 21
720575940627718394 720575940640176848 5
720575940627718394 720575940646518382 5
720575940627719294 720575940604938342 6
720575940627719294 720575940605074278 6
720575940627719294 720575940608545219 10
720575940627719294 720575940610373326 11
720575940627719294 720575940617245652 10
720575940627719294 720575940617362772 10
720575940627719294 720575940620943969 5
720575940627719294 720575940624004535 16
720575940627719294 720575940624068028 6
720575940627719294 720575940624409575 7
720575940627719294 720575940624463242 10
720575940627719294 720575940625518736 26
720575940627719294 720575940628112231 7
720575940627719294 720575940628865644 41
720575940627719294 720575940631179807 5
720575940627719294 720575940632011420 8
720575940627719294 720575940632472850 39
720575940627719294 720575940632807193 17
720575940627719294 720575940635130905 6
720575940627719294 720575940636910825 5
720575940627745641 720575940602120928 7
720575940627745641 720575940615281862 32
720575940627745641 720575940616502109 6
720575940627745641 720575940617653277 18
720575940627745641 720575940621264809 6
720575940627745641 720575940624394790 7
720575940627745641 720575940624662508 6
720575940627745641 720575940626201372 5
720575940627745641 720575940627718394 6
720575940627745641 720575940627796298 44
720575940627745641 720575940627850618 10
720575940627745641 720575940633300148 6
720575940627745641 720575940633744791 6
720575940627745641 720575940635678871 5
720575940627745641 720575940644361582 15
720575940627750216 720575940626783065 5
720575940627750216 720575940627790991 5
720575940627750216 720575940628403791 27
720575940627750216 720575940628641127 5
720575940627750216 720575940635106202 21
720575940627750216 720575940639355008 13
720575940627750216 720575940646518382 11
720575940627776506 720575940606149321 11
720575940627776506 720575940608545219 6
720575940627776506 720575940616451909 17
720575940627776506 720575940617362772 6
720575940627776506 720575940620356557 6
720575940627776506 720575940624463242 7
720575940627776506 720575940625518736 6
720575940627776506 720575940627899751 8
720575940627776506 720575940628865644 70
720575940627776506 720575940636705502 19
720575940627776506 720575940642401060 6
720575940627790991 720575940617245652 8
720575940627790991 720575940621608330 7
720575940627790991 720575940635211768 13
720575940627796298 720575940606446770 7
720575940627796298 720575940610313570 5
720575940627796298 720575940613418547 9
720575940627796298 720575940613867938 115
720575940627796298 720575940616592704 11
720575940627796298 720575940617653277 6
720575940627796298 720575940618340057 8
720575940627796298 720575940618831576 14
720575940627796298 720575940619847533 6
720575940627796298 720575940621264809 7
720575940627796298 720575940623725972 5
720575940627796298 720575940623957173 5
720575940627796298 720575940624662508 6
720575940627796298 720575940626295326 10
720575940627796298 720575940626663953 53
720575940627796298 720575940626783065 90
720575940627796298 720575940627208168 9
720575940627796298 720575940627750216 5
720575940627796298 720575940628403791 17
720575940627796298 720575940628505873 21
720575940627796298 720575940628793621 16
720575940627796298 720575940630046767 14
720575940627796298 720575940631023567 5
720575940627796298 720575940631427409 5
720575940627796298 720575940632723938 6
720575940627796298 720575940634458719 7
720575940627796298 720575940635106202 57
720575940627796298 720575940635678871 21
720575940627796298 720575940641193717 9
720575940627796298 720575940644639342 15
720575940627796298 720575940654220193 10
720575940627850618 720575940613867938 12
720575940627850618 720575940613941618 7
720575940627850618 720575940620931348 5
720575940627850618 720575940623957173 9
720575940627850618 720575940626201372 9
720575940627850618 720575940627796298 22
720575940627850618 720575940628403791 7
720575940627850618 720575940634458719 35
720575940627850618 720575940639220550 5
720575940627899751 720575940606149321 38
720575940627899751 720575940608545219 42
720575940627899751 720575940617245652 14
720575940627899751 720575940618932763 18
720575940627899751 720575940620943969 9
720575940627899751 720575940624463242 5
720575940627899751 720575940625518736 8
720575940627899751 720575940628865644 43
720575940628112231 720575940607262219 20
720575940628112231 720575940608545219 127
720575940628112231 720575940615168985 10
720575940628112231 720575940615592961 8
720575940628112231 720575940617245652 24
720575940628112231 720575940617362772 6
720575940628112231 720575940618475101 7
720575940628112231 720575940620943969 25
720575940628112231 720575940621067204 14
720575940628112231 720575940626663953 5
720575940628112231 720575940626833994 5
720575940628112231 720575940627796298 81
720575940628112231 720575940628403791 45
720575940628112231 720575940629256779 18
720575940628112231 720575940631947095 15
720575940628112231 720575940632011420 6
720575940628112231 720575940632472850 5
720575940628112231 720575940632764883 7
720575940628112231 720575940634371941 6
720575940628112231 720575940634458719 8
720575940628112231 720575940635130905 5
720575940628112231 720575940638095293 14
720575940628139975 720575940609996773 5
720575940628139975 720575940613867938 9
720575940628139975 720575940618165393 7
720575940628139975 720575940627750216 26
720575940628139975 720575940627796298 10
720575940628139975 720575940634458719 28
720575940628139975 720575940634750871 17
720575940628218844 720575940617034398 8
720575940628218844 720575940631022336 8
720575940628218844 720575940633300148 12
720575940628350567 720575940604938342 7
720575940628350567 720575940608545219 7
720575940628350567 720575940618932763 6
720575940628350567 720575940625518736 12
720575940628350567 720575940630344396 5
720575940628350567 720575940632472850 35
720575940628350567 720575940635967886 72
720575940628403791 720575940605074278 5
720575940628403791 720575940610653462 22
720575940628403791 720575940613034602 9
720575940628403791 720575940613867938 334
720575940628403791 720575940614265827 9
720575940628403791 720575940615281862 5
720575940628403791 720575940615592961 17
720575940628403791 720575940621264809 8
720575940628403791 720575940622304243 190
720575940628403791 720575940623725972 7
720575940628403791 720575940624407944 11
720575940628403791 720575940624698170 18
720575940628403791 720575940625600284 15
720575940628403791 720575940626663953 40
720575940628403791 720575940627796298 86
720575940628403791 720575940627850618 5
720575940628403791 720575940628112231 18
720575940628403791 720575940628538732 179
720575940628403791 720575940629256779 144
720575940628403791 720575940631343185 6
720575940628403791 720575940631947095 20
720575940628403791 720575940634458719 205
720575940628403791 720575940635678871 52
720575940628403791 720575940636573108 203
720575940628403791 720575940639220550 8
720575940628403791 720575940639355008 108
720575940628403791 720575940640992731 18
720575940628403791 720575940641193717 8
720575940628403791 720575940643826212 110
720575940628403791 720575940644361582 8
720575940628403791 720575940644639342 7
720575940628403791 720575940646518382 16
720575940628429626 720575940626663953 9
720575940628429626 720575940629256779 16
720575940628429626 720575940635678871 12
720575940628463468 720575940605074278 13
720575940628463468 720575940607262219 45
720575940628463468 720575940610228344 7
720575940628463468 720575940610455781 12
720575940628463468 720575940610653462 21
720575940628463468 720575940615168985 24
720575940628463468 720575940615592409 6
720575940628463468 720575940615635037 6
720575940628463468 720575940617245652 22
720575940628463468 720575940619688688 31
720575940628463468 720575940620565057 6
720575940628463468 720575940620943969 126
720575940628463468 720575940625226506 12
720575940628463468 720575940625518736 7
720575940628463468 720575940625600284 13
720575940628463468 720575940627670032 6
720575940628463468 720575940627719294 9
720575940628463468 720575940628837650 22
720575940628463468 720575940630311383 9
720575940628463468 720575940630344396 7
720575940628463468 720575940630396022 13
720575940628463468 720575940630548035 24
720575940628463468 720575940630733884 106
720575940628463468 720575940632472850 96
720575940628463468 720575940632764883 5
720575940628463468 720575940632807193 98
720575940628463468 720575940637175349 22
720575940628463468 720575940639417728 14
720575940628463468 720575940640406094 8
720575940628463468 720575940643754862 8
720575940628505873 720575940602120928 13
720575940628505873 720575940614265827 8
720575940628505873 720575940616079188 7
720575940628505873 720575940616502109 7
720575940628505873 720575940617034398 5
720575940628505873 720575940617653277 5
720575940628505873 720575940622709287 7
720575940628505873 720575940623437180 18
720575940628505873 720575940624394790 9
720575940628505873 720575940624662508 6
720575940628505873 720575940626201372 33
720575940628505873 720575940627796298 19
720575940628505873 720575940628403791 5
720575940628505873 720575940628520812 7
720575940628505873 720575940628793621 6
720575940628505873 720575940631023567 7
720575940628505873 720575940631427409 8
720575940628505873 720575940632723938 10
720575940628505873 720575940635678871 11
720575940628505873 720575940636471408 17
720575940628505873 720575940640678352 19
720575940628505873 720575940641193717 8
720575940628505873 720575940644252951 7
720575940628505873 720575940644259876 35
720575940628520812 720575940609996773 7
720575940628520812 720575940613941618 5
720575940628520812 720575940614265827 5
720575940628520812 720575940617034398 5
720575940628520812 720575940626295326 5
720575940628520812 720575940626663953 12
720575940628520812 720575940631427409 13
720575940628520812 720575940632723938 7
720575940628538732 720575940607262219 7
720575940628538732 720575940615592961 36
720575940628538732 720575940620943969 44
720575940628538732 720575940624463242 8
720575940628538732 720575940624615462 12
720575940628538732 720575940624698170 8
720575940628538732 720575940627111752 19
720575940628538732 720575940627307194 10
720575940628538732 720575940628112231 57
720575940628538732 720575940628350567 8
720575940628538732 720575940628403791 87
720575940628538732 720575940629256779 43
720575940628538732 720575940630733884 5
720575940628538732 720575940631947095 6
720575940628538732 720575940635106202 14
720575940628538732 720575940639355008 37
720575940628538732 720575940644639342 8
720575940628542807 720575940613170498 38
720575940628542807 720575940618364480 32
720575940628542807 720575940618475101 9
720575940628542807 720575940620356545 5
720575940628542807 720575940628865644 14
720575940628542807 720575940632807193 7
720575940628542807 720575940638095293 5
720575940628641127 720575940617653277 12
720575940628641127 720575940623957173 16
720575940628641127 720575940626783065 6
720575940628706325 720575940618165393 10
720575940628706325 720575940635202204 64
720575940628793621 720575940605423806 5
720575940628793621 720575940606446770 12
720575940628793621 720575940614987276 7
720575940628793621 720575940615281862 7
720575940628793621 720575940618831576 10
720575940628793621 720575940626663953 72
720575940628793621 720575940626783065 200
720575940628793621 720575940627750216 9
720575940628793621 720575940627796298 6
720575940628793621 720575940628505873 5
720575940628793621 720575940629256779 10
720575940628793621 720575940631023567 15
720575940628793621 720575940634458719 13
720575940628793621 720575940635678871 45
720575940628793621 720575940640678352 8
720575940628793621 720575940641193717 11
720575940628837650 720575940605074278 32
720575940628837650 720575940607262219 11
720575940628837650 720575940610455781 5
720575940628837650 720575940610653462 19
720575940628837650 720575940612479850 13
720575940628837650 720575940615168985 5
720575940628837650 720575940615592409 5
720575940628837650 720575940617362772 6
720575940628837650 720575940618475101 19
720575940628837650 720575940619688688 5
720575940628837650 720575940620356545 6
720575940628837650 720575940620356557 7
720575940628837650 720575940620943969 16
720575940628837650 720575940624004535 11
720575940628837650 720575940625518736 11
720575940628837650 720575940630548035 32
720575940628837650 720575940630733884 19
720575940628837650 720575940631179807 5
720575940628837650 720575940632472850 27
720575940628837650 720575940632807193 38
720575940628837650 720575940635967886 7
720575940628837650 720575940637175349 9
720575940628837650 720575940638095293 10
720575940628837650 720575940641450656 7
720575940628837650 720575940644639342 5
720575940628865644 720575940604088288 37
720575940628865644 720575940604938342 10
720575940628865644 720575940606149321 8
720575940628865644 720575940608683477 72
720575940628865644 720575940610228344 10
720575940628865644 720575940610585317 46
720575940628865644 720575940611401709 7
720575940628865644 720575940612580067 27
720575940628865644 720575940615635037 7
720575940628865644 720575940616451909 62
720575940628865644 720575940617110555 40
720575940628865644 720575940617362772 29
720575940628865644 720575940618248129 7
720575940628865644 720575940618364480 11
720575940628865644 720575940618475101 30
720575940628865644 720575940618604352 9
720575940628865644 720575940619415679 20
720575940628865644 720575940619767243 7
720575940628865644 720575940620356545 87
720575940628865644 720575940620356557 20
720575940628865644 720575940620424472 10
720575940628865644 720575940621554112 15
720575940628865644 720575940621870204 33
720575940628865644 720575940622503133 36
720575940628865644 720575940622843530 28
720575940628865644 720575940623598058 13
720575940628865644 720575940623725972 60
720575940628865644 720575940624004535 25
720575940628865644 720575940624068028 16
720575940628865644 720575940624463242 28
720575940628865644 720575940626579333 7
720575940628865644 720575940626656010 42
720575940628865644 720575940627084905 77
720575940628865644 720575940627662279 12
720575940628865644 720575940627681406 8
720575940628865644 720575940627719294 34
720575940628865644 720575940627776506 83
720575940628865644 720575940627899751 19
720575940628865644 720575940629211847 9
720575940628865644 720575940629407020 17
720575940628865644 720575940629430978 12
720575940628865644 720575940630396022 7
720575940628865644 720575940630905130 6
720575940628865644 720575940632011420 7
720575940628865644 720575940632385943 32
720575940628865644 720575940632472850 5
720575940628865644 720575940632764883 5
720575940628865644 720575940632807193 27
720575940628865644 720575940633300148 81
720575940628865644 720575940633677167 17
720575940628865644 720575940634396863 12
720575940628865644 720575940635130905 7
720575940628865644 720575940635967886 40
720575940628865644 720575940638095293 25
720575940628865644 720575940639331829 9
720575940628865644 720575940639417728 20
720575940628865644 720575940640176848 14
720575940628865644 720575940640406094 12
720575940628865644 720575940641193717 12
720575940628865644 720575940642401060 72
720575940628865644 720575940643754862 12
720575940628865644 720575940652283126 10
720575940628916791 720575940605302974 8
720575940628916791 720575940608683477 6
720575940628916791 720575940615950453 9
720575940628916791 720575940618984475 17
720575940628916791 720575940619675712 5
720575940628916791 720575940620203502 14
720575940628916791 720575940621431492 5
720575940628916791 720575940624394790 9
720575940628916791 720575940626201372 6
720575940628916791 720575940626885124 5
720575940628916791 720575940628218844 7
720575940628916791 720575940629430978 23
720575940628916791 720575940630057979 5
720575940628916791 720575940632228433 5
720575940628916791 720575940633300148 9
720575940628916791 720575940636910825 5
720575940628916791 720575940638095293 7
720575940628916791 720575940639331829 7
720575940628916791 720575940646518382 12
720575940629133052 720575940620356545 26
720575940629133052 720575940624463242 9
720575940629133052 720575940625518736 6
720575940629133052 720575940626783065 6
720575940629133052 720575940630644727 8
720575940629133052 720575940646518382 12
720575940629192975 720575940613418547 12
720575940629192975 720575940617245652 15
720575940629192975 720575940626663953 13
720575940629192975 720575940628429626 7
720575940629192975 720575940630095045 5
720575940629192975 720575940634751918 12
720575940629192975 720575940634829168 54
720575940629192975 720575940635403230 63
720575940629192975 720575940635678871 8
720575940629192975 720575940644506222 33
720575940629211847 720575940602120928 11
720575940629211847 720575940620356545 9
720575940629211847 720575940626201372 20
720575940629211847 720575940628112231 8
720575940629211847 720575940628865644 41
720575940629211847 720575940629430978 5
720575940629211847 720575940646518382 6
720575940629244357 720575940613034602 5
720575940629244357 720575940613867938 8
720575940629244357 720575940620203502 7
720575940629244357 720575940623725972 10
720575940629244357 720575940624407944 7
720575940629244357 720575940633300148 9
720575940629244357 720575940636573108 10
720575940629244357 720575940641972384 5
720575940629244357 720575940646518382 16
720575940629249783 720575940613867938 19
720575940629249783 720575940616592704 52
720575940629249783 720575940618831576 44
720575940629249783 720575940619675712 10
720575940629249783 720575940623957173 11
720575940629249783 720575940626201372 78
720575940629249783 720575940626663953 6
720575940629249783 720575940626783065 236
720575940629249783 720575940627208168 52
720575940629249783 720575940627750216 5
720575940629249783 720575940627796298 9
720575940629249783 720575940628538732 5
720575940629249783 720575940628793621 35
720575940629249783 720575940630046767 72
720575940629249783 720575940632522848 7
720575940629249783 720575940634866586 85
720575940629249783 720575940636573108 27
720575940629256779 720575940605074278 7
720575940629256779 720575940607262219 8
720575940629256779 720575940607800242 53
720575940629256779 720575940610653462 13
720575940629256779 720575940615168985 6
720575940629256779 720575940617245652 29
720575940629256779 720575940619507184 26
720575940629256779 720575940619688688 12
720575940629256779 720575940620943969 143
720575940629256779 720575940621554112 9
720575940629256779 720575940622680724 45
720575940629256779 720575940622843530 7
720575940629256779 720575940625226506 7
720575940629256779 720575940627670032 6
720575940629256779 720575940628403791 5
720575940629256779 720575940628463468 50
720575940629256779 720575940628837650 8
720575940629256779 720575940630548035 28
720575940629256779 720575940630733884 47
720575940629256779 720575940632472850 175
720575940629256779 720575940632807193 228
720575940629256779 720575940637064926 9
720575940629256779 720575940637175349 12
720575940629373687 720575940606149321 29
720575940629373687 720575940608545219 33
720575940629373687 720575940610585317 5
720575940629373687 720575940613170498 19
720575940629373687 720575940617245652 7
720575940629373687 720575940617362772 10
720575940629373687 720575940618183765 10
720575940629373687 720575940618364480 27
720575940629373687 720575940620356545 20
720575940629373687 720575940620943969 5
720575940629373687 720575940621870204 17
720575940629373687 720575940624463242 7
720575940629373687 720575940627719294 5
720575940629373687 720575940628865644 12
720575940629373687 720575940629430978 9
720575940629373687 720575940630396022 14
720575940629373687 720575940631179807 5
720575940629373687 720575940638095293 5
720575940629373687 720575940639417728 6
720575940629407020 720575940605074278 6
720575940629407020 720575940620356545 14
720575940629407020 720575940621870204 5
720575940629407020 720575940626201372 39
720575940629407020 720575940628865644 42
720575940629407020 720575940629430978 6
720575940629407020 720575940639331829 5
720575940629407020 720575940646518382 9
720575940629430978 720575940613170498 60
720575940629430978 720575940618364480 15
720575940629430978 720575940618984475 7
720575940629430978 720575940620356545 31
720575940629430978 720575940624004535 6
720575940629430978 720575940624463242 19
720575940629430978 720575940628916791 27
720575940629430978 720575940630644727 6
720575940629430978 720575940631275050 17
720575940629430978 720575940634866586 8
720575940629430978 720575940635202204 20
720575940629430978 720575940637320567 16
720575940629430978 720575940639331829 7
720575940629594106 720575940609996773 5
720575940629594106 720575940611401709 7
720575940629594106 720575940615281862 26
720575940629594106 720575940616502109 33
720575940629594106 720575940617653277 20
720575940629594106 720575940620931348 5
720575940629594106 720575940621147588 8
720575940629594106 720575940621264809 8
720575940629594106 720575940623437180 14
720575940629594106 720575940623776743 8
720575940629594106 720575940624394790 23
720575940629594106 720575940626663953 6
720575940629594106 720575940626783065 57
720575940629594106 720575940627208168 6
720575940629594106 720575940627796298 104
720575940629594106 720575940628403791 22
720575940629594106 720575940631023567 7
720575940629594106 720575940633300148 5
720575940629594106 720575940635678871 39
720575940629594106 720575940639355008 18
720575940629594106 720575940640176848 11
720575940629594106 720575940640678352 10
720575940629594106 720575940643826212 5
720575940629594106 720575940644252951 14
720575940629594106 720575940644361582 7
720575940629877356 720575940604088288 12
720575940629877356 720575940604470240 5
720575940629877356 720575940617024562 10
720575940629877356 720575940617245652 6
720575940629877356 720575940618364480 6
720575940629877356 720575940622998627 15
720575940629877356 720575940626793831 5
720575940629877356 720575940627796298 6
720575940629877356 720575940630311383 17
720575940629877356 720575940635202204 46
720575940629886971 720575940605074278 16
720575940629886971 720575940607262219 5
720575940629886971 720575940608545219 18
720575940629886971 720575940615635037 12
720575940629886971 720575940618932763 11
720575940629886971 720575940619688688 11
720575940629886971 720575940621554112 21
720575940629886971 720575940622843530 19
720575940629886971 720575940624463242 12
720575940629886971 720575940628837650 9
720575940629886971 720575940630548035 12
720575940629886971 720575940632472850 59
720575940629886971 720575940632764883 11
720575940629886971 720575940635967886 5
720575940629886971 720575940637175349 6
720575940630046767 720575940618340057 6
720575940630046767 720575940627796298 15
720575940630046767 720575940634458719 17
720575940630046767 720575940635678871 28
720575940630057979 720575940613867938 16
720575940630057979 720575940618932763 7
720575940630057979 720575940623725972 5
720575940630057979 720575940623957173 12
720575940630057979 720575940626663953 5
720575940630057979 720575940630344396 8
720575940630057979 720575940631947095 5
720575940630057979 720575940632522848 5
720575940630057979 720575940646518382 7
720575940630095045 720575940606149321 14
720575940630095045 720575940626139175 10
720575940630095045 720575940627111752 10
720575940630095045 720575940630396022 26
720575940630095045 720575940632472850 10
720575940630095045 720575940635967886 12
720575940630095045 720575940639417728 21
720575940630095045 720575940652283126 6
720575940630311383 720575940606149321 5
720575940630311383 720575940608545219 8
720575940630311383 720575940610455781 19
720575940630311383 720575940612149362 7
720575940630311383 720575940613941618 11
720575940630311383 720575940617245652 22
720575940630311383 720575940618340057 9
720575940630311383 720575940619822784 18
720575940630311383 720575940621431492 7
720575940630311383 720575940628350567 6
720575940630311383 720575940628463468 5
720575940630311383 720575940632472850 5
720575940630311383 720575940632807193 11
720575940630311383 720575940633350812 6
720575940630311383 720575940635967886 9
720575940630344396 720575940605074278 17
720575940630344396 720575940607262219 15
720575940630344396 720575940610653462 11
720575940630344396 720575940615168985 7
720575940630344396 720575940615950453 8
720575940630344396 720575940620943969 27
720575940630344396 720575940621431492 5
720575940630344396 720575940624407944 5
720575940630344396 720575940624463242 12
720575940630344396 720575940625518736 11
720575940630344396 720575940628112231 5
720575940630344396 720575940630548035 9
720575940630344396 720575940633300148 5
720575940630344396 720575940636573108 11
720575940630344396 720575940639331829 6
720575940630396022 720575940604088288 18
720575940630396022 720575940604938342 6
720575940630396022 720575940606149321 37
720575940630396022 720575940608545219 32
720575940630396022 720575940610455781 14
720575940630396022 720575940615592409 12
720575940630396022 720575940615635037 16
720575940630396022 720575940617110555 5
720575940630396022 720575940617245652 7
720575940630396022 720575940617362772 49
720575940630396022 720575940618165393 5
720575940630396022 720575940618183765 5
720575940630396022 720575940618248129 13
720575940630396022 720575940618340057 8
720575940630396022 720575940619507184 5
720575940630396022 720575940619822784 25
720575940630396022 720575940620356557 45
720575940630396022 720575940620943969 11
720575940630396022 720575940621431492 5
720575940630396022 720575940621554112 32
720575940630396022 720575940622843530 24
720575940630396022 720575940624068028 13
720575940630396022 720575940624394790 5
720575940630396022 720575940627662279 16
720575940630396022 720575940627719294 37
720575940630396022 720575940628112231 5
720575940630396022 720575940628837650 12
720575940630396022 720575940628865644 6
720575940630396022 720575940629373687 26
720575940630396022 720575940632472850 9
720575940630396022 720575940632764883 11
720575940630396022 720575940632807193 91
720575940630396022 720575940633350812 9
720575940630396022 720575940634396863 14
720575940630396022 720575940635967886 49
720575940630396022 720575940637175349 7
720575940630396022 720575940639417728 48
720575940630396022 720575940643754862 15
720575940630396022 720575940652283126 12
720575940630445519 720575940604088288 7
720575940630445519 720575940608545219 9
720575940630445519 720575940617245652 11
720575940630445519 720575940618165393 12
720575940630445519 720575940623725972 6
720575940630445519 720575940626783065 10
720575940630445519 720575940627796298 11
720575940630445519 720575940630311383 30
720575940630445519 720575940635211768 5
720575940630543887 720575940626663953 9
720575940630543887 720575940627796298 6
720575940630543887 720575940629256779 21
720575940630543887 720575940635106202 31
720575940630543887 720575940635678871 14
720575940630548035 720575940606446770 6
720575940630548035 720575940611401709 14
720575940630548035 720575940613034602 5
720575940630548035 720575940615592961 8
720575940630548035 720575940615635037 5
720575940630548035 720575940617653277 5
720575940630548035 720575940618831576 5
720575940630548035 720575940619688688 5
720575940630548035 720575940620943969 108
720575940630548035 720575940622680724 5
720575940630548035 720575940625600284 7
720575940630548035 720575940627111752 11
720575940630548035 720575940627208168 8
720575940630548035 720575940627307194 5
720575940630548035 720575940627850618 6
720575940630548035 720575940628112231 13
720575940630548035 720575940628403791 76
720575940630548035 720575940630396022 20
720575940630548035 720575940630733884 10
720575940630548035 720575940631022336 8
720575940630548035 720575940632807193 8
720575940630548035 720575940633350812 6
720575940630548035 720575940634829168 7
720575940630548035 720575940635403230 8
720575940630548035 720575940636573108 5
720575940630548035 720575940637175349 7
720575940630548035 720575940639355008 12
720575940630548035 720575940640992731 10
720575940630548035 720575940644639342 14
720575940630548035 720575940646518382 5
720575940630644727 720575940618364480 10
720575940630644727 720575940620356545 7
720575940630644727 720575940628865644 13
720575940630644727 720575940632192676 33
720575940630733884 720575940604088288 163
720575940630733884 720575940605074278 5
720575940630733884 720575940607262219 62
720575940630733884 720575940610653462 6
720575940630733884 720575940615168985 68
720575940630733884 720575940615635037 6
720575940630733884 720575940619688688 25
720575940630733884 720575940620565057 19
720575940630733884 720575940620943969 14
720575940630733884 720575940621554112 5
720575940630733884 720575940624463242 10
720575940630733884 720575940625226506 38
720575940630733884 720575940627111752 52
720575940630733884 720575940628837650 5
720575940630733884 720575940629256779 6
720575940630733884 720575940630311383 5
720575940630733884 720575940630548035 9
720575940630733884 720575940632472850 35
720575940630733884 720575940632807193 6
720575940630733884 720575940633350812 14
720575940630733884 720575940634356587 5
720575940630733884 720575940635967886 5
720575940630733884 720575940637175349 14
720575940630734075 720575940616451909 8
720575940630734075 720575940617245652 48
720575940630734075 720575940626793831 11
720575940630734075 720575940627776506 17
720575940630734075 720575940637755507 15
720575940630734075 720575940642401060 5
720575940630734075 720575940644259876 5
720575940630905130 720575940632472850 5
720575940631022336 720575940615950453 8
720575940631022336 720575940617024562 11
720575940631022336 720575940620943969 8
720575940631022336 720575940628706325 40
720575940631022336 720575940631343185 11
720575940631022336 720575940644639342 8
720575940631023567 720575940609996773 5
720575940631023567 720575940613867938 12
720575940631023567 720575940614265827 7
720575940631023567 720575940616079188 7
720575940631023567 720575940626201372 43
720575940631023567 720575940626295326 11
720575940631023567 720575940626663953 57
720575940631023567 720575940627796298 168
720575940631023567 720575940628403791 30
720575940631023567 720575940628505873 11
720575940631023567 720575940628520812 13
720575940631023567 720575940628793621 17
720575940631023567 720575940629407020 9
720575940631023567 720575940630548035 6
720575940631023567 720575940631427409 23
720575940631023567 720575940631947095 5
720575940631023567 720575940632723938 12
720575940631023567 720575940634371941 17
720575940631023567 720575940634458719 12
720575940631023567 720575940641193717 21
720575940631023567 720575940644361582 7
720575940631179807 720575940605074278 11
720575940631179807 720575940606149321 7
720575940631179807 720575940607262219 10
720575940631179807 720575940610653462 15
720575940631179807 720575940613867938 10
720575940631179807 720575940615592961 8
720575940631179807 720575940615950453 13
720575940631179807 720575940618364480 6
720575940631179807 720575940620943969 37
720575940631179807 720575940624394790 8
720575940631179807 720575940624407944 10
720575940631179807 720575940625518736 9
720575940631179807 720575940626201372 6
720575940631179807 720575940626793831 6
720575940631179807 720575940628112231 12
720575940631179807 720575940628538732 7
720575940631179807 720575940628865644 8
720575940631179807 720575940630344396 5
720575940631179807 720575940630548035 13
720575940631179807 720575940634866586 6
720575940631179807 720575940636573108 15
720575940631179807 720575940639331829 15
720575940631244335 720575940623957173 19
720575940631244335 720575940626663953 6
720575940631244335 720575940626783065 27
720575940631244335 720575940627750216 17
720575940631244335 720575940627796298 14
720575940631244335 720575940634458719 28
720575940631244335 720575940634750871 44
720575940631275050 720575940608763512 21
720575940631275050 720575940612138792 12
720575940631275050 720575940623261481 8
720575940631275050 720575940624394790 10
720575940631275050 720575940624463242 6
720575940631275050 720575940625323620 16
720575940631275050 720575940628916791 16
720575940631275050 720575940634866586 10
720575940631275050 720575940635202204 27
720575940631275050 720575940637320567 18
720575940631275050 720575940646518382 12
720575940631343185 720575940609996773 6
720575940631343185 720575940613867938 9
720575940631343185 720575940623725972 7
720575940631343185 720575940623957173 14
720575940631343185 720575940624407944 10
720575940631343185 720575940624662508 5
720575940631343185 720575940626663953 7
720575940631343185 720575940626783065 5
720575940631343185 720575940627750216 23
720575940631343185 720575940627796298 16
720575940631343185 720575940633300148 8
720575940631343185 720575940634458719 48
720575940631343185 720575940634750871 23
720575940631343185 720575940636573108 5
720575940631427409 720575940602120928 10
720575940631427409 720575940606446770 10
720575940631427409 720575940609996773 6
720575940631427409 720575940613034602 8
720575940631427409 720575940614265827 8
720575940631427409 720575940614987276 12
720575940631427409 720575940619847533 10
720575940631427409 720575940622709287 6
720575940631427409 720575940626201372 14
720575940631427409 720575940626295326 7
720575940631427409 720575940627796298 17
720575940631427409 720575940628403791 6
720575940631427409 720575940628505873 6
720575940631427409 720575940631023567 16
720575940631427409 720575940634866586 6
720575940631427409 720575940635106202 9
720575940631427409 720575940635678871 24
720575940631427409 720575940636471408 17
720575940631427409 720575940640678352 10
720575940631427409 720575940641972384 8
720575940631427409 720575940642331533 9
720575940631427409 720575940644259876 6
720575940631427409 720575940644506222 10
720575940631427409 720575940646518382 25
720575940631914783 720575940611401709 17
720575940631914783 720575940619302640 8
720575940631914783 720575940620718472 5
720575940631914783 720575940620931348 8
720575940631914783 720575940621765846 5
720575940631914783 720575940624463242 15
720575940631914783 720575940626793831 27
720575940631914783 720575940627670032 12
720575940631914783 720575940627790991 9
720575940631914783 720575940630344396 10
720575940631914783 720575940631179807 26
720575940631914783 720575940634866586 8
720575940631914783 720575940636910825 6
720575940631914783 720575940637826118 6
720575940631914783 720575940638095293 8
720575940631914783 720575940640176848 25
720575940631914783 720575940640992731 16
720575940631914783 720575940646518382 38
720575940631947095 720575940608545219 46
720575940631947095 720575940610653462 7
720575940631947095 720575940613034602 5
720575940631947095 720575940613867938 36
720575940631947095 720575940617034398 6
720575940631947095 720575940619822784 5
720575940631947095 720575940624068028 5
720575940631947095 720575940625518736 7
720575940631947095 720575940626663953 16
720575940631947095 720575940627670032 7
720575940631947095 720575940627796298 5
720575940631947095 720575940630344396 7
720575940631947095 720575940632472850 6
720575940631947095 720575940632522848 6
720575940631947095 720575940632807193 65
720575940631947095 720575940636910825 10
720575940631947095 720575940639355008 10
720575940631947095 720575940646518382 38
720575940632011420 720575940604470240 5
720575940632011420 720575940608082990 7
720575940632011420 720575940608763512 13
720575940632011420 720575940612138792 11
720575940632011420 720575940621347092 8
720575940632011420 720575940624463242 6
720575940632011420 720575940632472850 9
720575940632011420 720575940634458719 5
720575940632011420 720575940635202204 7
720575940632192676 720575940611401709 9
720575940632192676 720575940613170498 65
720575940632192676 720575940618364480 27
720575940632192676 720575940620356545 20
720575940632192676 720575940624004535 14
720575940632192676 720575940626793831 7
720575940632192676 720575940628837650 5
720575940632192676 720575940628865644 20
720575940632192676 720575940629244357 5
720575940632192676 720575940629430978 36
720575940632192676 720575940630644727 27
720575940632192676 720575940635640312 20
720575940632192676 720575940637175349 5
720575940632192676 720575940640176848 5
720575940632192676 720575940641450656 9
720575940632228433 720575940610373326 5
720575940632228433 720575940613867938 9
720575940632228433 720575940617333976 6
720575940632228433 720575940620356545 41
720575940632228433 720575940624463242 5
720575940632228433 720575940629133052 7
720575940632228433 720575940632472850 9
720575940632228433 720575940632764883 9
720575940632228433 720575940632807193 7
720575940632228433 720575940635403230 5
720575940632228433 720575940646518382 28
720575940632385943 720575940610585317 19
720575940632385943 720575940612479850 6
720575940632385943 720575940613170498 51
720575940632385943 720575940615592409 28
720575940632385943 720575940617245652 112
720575940632385943 720575940617362772 15
720575940632385943 720575940618183765 5
720575940632385943 720575940618248129 8
720575940632385943 720575940618475101 12
720575940632385943 720575940619415679 7
720575940632385943 720575940619688688 24
720575940632385943 720575940620356545 22
720575940632385943 720575940620356557 13
720575940632385943 720575940620943969 12
720575940632385943 720575940622503133 22
720575940632385943 720575940624463242 28
720575940632385943 720575940626793831 46
720575940632385943 720575940627719294 7
720575940632385943 720575940628542807 5
720575940632385943 720575940628837650 23
720575940632385943 720575940628865644 14
720575940632385943 720575940629373687 23
720575940632385943 720575940630344396 18
720575940632385943 720575940631179807 46
720575940632385943 720575940632764883 6
720575940632385943 720575940632807193 33
720575940632385943 720575940633300148 12
720575940632385943 720575940634396863 15
720575940632385943 720575940635967886 43
720575940632385943 720575940636705502 8
720575940632385943 720575940637175349 25
720575940632385943 720575940637755507 37
720575940632385943 720575940638095293 22
720575940632385943 720575940640176848 13
720575940632385943 720575940641450656 6
720575940632385943 720575940642401060 8
720575940632472850 720575940604088288 22
720575940632472850 720575940606149321 6
720575940632472850 720575940608545219 19
720575940632472850 720575940610653462 8
720575940632472850 720575940617924299 15
720575940632472850 720575940620943969 16
720575940632472850 720575940622998627 7
720575940632472850 720575940625385861 19
720575940632472850 720575940625518736 8
720575940632472850 720575940627111752 5
720575940632472850 720575940629886971 22
720575940632472850 720575940630548035 7
720575940632472850 720575940631022336 18
720575940632472850 720575940632807193 6
720575940632472850 720575940635202204 34
720575940632522848 720575940606218528 6
720575940632522848 720575940621347092 5
720575940632522848 720575940623957173 12
720575940632522848 720575940624068028 6
720575940632522848 720575940626663953 5
720575940632522848 720575940630057979 5
720575940632522848 720575940646518382 20
720575940632723938 720575940602120928 6
720575940632723938 720575940606446770 16
720575940632723938 720575940613941618 5
720575940632723938 720575940614987276 9
720575940632723938 720575940619847533 13
720575940632723938 720575940622709287 6
720575940632723938 720575940626201372 18
720575940632723938 720575940627208168 5
720575940632723938 720575940627796298 31
720575940632723938 720575940628505873 13
720575940632723938 720575940631427409 6
720575940632723938 720575940634866586 32
720575940632723938 720575940635106202 11
720575940632723938 720575940635678871 7
720575940632723938 720575940642331533 8
720575940632723938 720575940644506222 8
720575940632723938 720575940646518382 20
720575940632764883 720575940605074278 10
720575940632764883 720575940615592409 12
720575940632764883 720575940618475101 12
720575940632764883 720575940620356545 12
720575940632764883 720575940620356557 5
720575940632764883 720575940624004535 10
720575940632764883 720575940624463242 9
720575940632764883 720575940628112231 7
720575940632764883 720575940628837650 8
720575940632764883 720575940630548035 6
720575940632764883 720575940637175349 6
720575940632764883 720575940638095293 19
720575940632764883 720575940639331829 10
720575940632764883 720575940641450656 7
720575940632807193 720575940604938342 12
720575940632807193 720575940605074278 62
720575940632807193 720575940606149321 35
720575940632807193 720575940608545219 436
720575940632807193 720575940610228344 42
720575940632807193 720575940610653462 10
720575940632807193 720575940612403427 16
720575940632807193 720575940614752395 37
720575940632807193 720575940615592409 14
720575940632807193 720575940616451909 19
720575940632807193 720575940617245652 20
720575940632807193 720575940617362772 14
720575940632807193 720575940618475101 34
720575940632807193 720575940619688688 8
720575940632807193 720575940620356557 17
720575940632807193 720575940620424472 6
720575940632807193 720575940620476381 5
720575940632807193 720575940620943969 176
720575940632807193 720575940622503133 5
720575940632807193 720575940623725972 5
720575940632807193 720575940624068028 11
720575940632807193 720575940624394790 7
720575940632807193 720575940626833994 15
720575940632807193 720575940627111752 23
720575940632807193 720575940627662279 70
720575940632807193 720575940627670032 8
720575940632807193 720575940627719294 14
720575940632807193 720575940627776506 33
720575940632807193 720575940627899751 15
720575940632807193 720575940628112231 5
720575940632807193 720575940628542807 37
720575940632807193 720575940628837650 6
720575940632807193 720575940628865644 8
720575940632807193 720575940629373687 5
720575940632807193 720575940630548035 49
720575940632807193 720575940632472850 131
720575940632807193 720575940633350812 8
720575940632807193 720575940635967886 49
720575940632807193 720575940637175349 12
720575940632807193 720575940638095293 44
720575940632807193 720575940639417728 11
720575940632807193 720575940640406094 41
720575940632807193 720575940643754862 14
720575940632807193 720575940652283126 81
720575940633033567 720575940613867938 10
720575940633033567 720575940620203502 13
720575940633033567 720575940623725972 14
720575940633033567 720575940626201372 7
720575940633033567 720575940633300148 21
720575940633033567 720575940634866586 28
720575940633205295 720575940604470240 5
720575940633205295 720575940626783065 10
720575940633205295 720575940635211768 7
720575940633300148 720575940604445868 14
720575940633300148 720575940605074278 7
720575940633300148 720575940605302974 38
720575940633300148 720575940610455781 16
720575940633300148 720575940611401709 8
720575940633300148 720575940612479850 10
720575940633300148 720575940613034602 18
720575940633300148 720575940613170498 9
720575940633300148 720575940613867938 11
720575940633300148 720575940615592409 11
720575940633300148 720575940617034398 11
720575940633300148 720575940617362772 30
720575940633300148 720575940618475101 25
720575940633300148 720575940619675712 12
720575940633300148 720575940619688688 6
720575940633300148 720575940620203502 33
720575940633300148 720575940620356545 6
720575940633300148 720575940620356557 18
720575940633300148 720575940621431492 25
720575940633300148 720575940623725972 27
720575940633300148 720575940624004535 23
720575940633300148 720575940624394790 30
720575940633300148 720575940626201372 17
720575940633300148 720575940627662279 5
720575940633300148 720575940627670032 8
720575940633300148 720575940627719294 26
720575940633300148 720575940627796298 35
720575940633300148 720575940628403791 6
720575940633300148 720575940628837650 5
720575940633300148 720575940628865644 125
720575940633300148 720575940629244357 6
720575940633300148 720575940629430978 56
720575940633300148 720575940630057979 19
720575940633300148 720575940632522848 14
720575940633300148 720575940632764883 9
720575940633300148 720575940632807193 13
720575940633300148 720575940633350812 5
720575940633300148 720575940636471408 6
720575940633300148 720575940636573108 23
720575940633300148 720575940636910825 10
720575940633300148 720575940637175349 5
720575940633300148 720575940637320567 8
720575940633300148 720575940637834301 5
720575940633300148 720575940638095293 17
720575940633300148 720575940639355008 17
720575940633300148 720575940640176848 12
720575940633300148 720575940641450656 15
720575940633300148 720575940641972384 8
720575940633350812 720575940604088288 265
720575940633350812 720575940605074278 20
720575940633350812 720575940606149321 286
720575940633350812 720575940610653462 7
720575940633350812 720575940612149362 51
720575940633350812 720575940618364480 27
720575940633350812 720575940618932763 27
720575940633350812 720575940621431492 5
720575940633350812 720575940622673387 67
720575940633350812 720575940623855397 9
720575940633350812 720575940624615462 53
720575940633350812 720575940627307194 47
720575940633350812 720575940628350567 40
720575940633350812 720575940628865644 98
720575940633350812 720575940630548035 38
720575940633350812 720575940632228433 5
720575940633350812 720575940632807193 17
720575940633350812 720575940635967886 10
720575940633362145 720575940618165393 7
720575940633362145 720575940625323620 12
720575940633362145 720575940626793831 5
720575940633362145 720575940631022336 20
720575940633362145 720575940634474894 7
720575940633362145 720575940637826118 23
720575940633362145 720575940644639342 6
720575940633462829 720575940623166733 5
720575940633564920 720575940604088288 25
720575940633564920 720575940617024562 23
720575940633564920 720575940617245652 10
720575940633564920 720575940622998627 13
720575940633564920 720575940626783065 16
720575940633564920 720575940630311383 18
720575940633564920 720575940634458719 6
720575940633564920 720575940635202204 38
720575940633564920 720575940635967886 5
720575940633677167 720575940604938342 39
720575940633677167 720575940606149321 14
720575940633677167 720575940607262219 6
720575940633677167 720575940608336514 5
720575940633677167 720575940608545219 18
720575940633677167 720575940610228344 23
720575940633677167 720575940612580067 22
720575940633677167 720575940615168985 5
720575940633677167 720575940615592409 11
720575940633677167 720575940616451909 11
720575940633677167 720575940617245652 11
720575940633677167 720575940617362772 61
720575940633677167 720575940618475101 17
720575940633677167 720575940619688688 13
720575940633677167 720575940620356557 51
720575940633677167 720575940620565057 11
720575940633677167 720575940620943969 137
720575940633677167 720575940621870204 5
720575940633677167 720575940624068028 44
720575940633677167 720575940624394790 8
720575940633677167 720575940625226506 14
720575940633677167 720575940626793831 50
720575940633677167 720575940627084905 14
720575940633677167 720575940627662279 5
720575940633677167 720575940627719294 47
720575940633677167 720575940627899751 7
720575940633677167 720575940628112231 20
720575940633677167 720575940628837650 31
720575940633677167 720575940628865644 43
720575940633677167 720575940629211847 8
720575940633677167 720575940630396022 22
720575940633677167 720575940632807193 43
720575940633677167 720575940635967886 19
720575940633677167 720575940637175349 18
720575940633677167 720575940637755507 5
720575940633677167 720575940638095293 58
720575940633677167 720575940640406094 21
720575940633677167 720575940643754862 42
720575940633677167 720575940652283126 12
720575940633744791 720575940609996773 6
720575940633744791 720575940618165393 5
720575940633744791 720575940626783065 7
720575940633744791 720575940627796298 6
720575940633744791 720575940627850618 11
720575940633744791 720575940634458719 20
720575940633744791 720575940634750871 7
720575940633744791 720575940635678871 8
720575940634356587 720575940608545219 6
720575940634356587 720575940624463242 6
720575940634356587 720575940624698170 10
720575940634356587 720575940627111752 8
720575940634356587 720575940630311383 10
720575940634356587 720575940631947095 14
720575940634356587 720575940635202204 7
720575940634371941 720575940608763512 14
720575940634371941 720575940612138792 5
720575940634371941 720575940621347092 7
720575940634371941 720575940632472850 6
720575940634371941 720575940634458719 5
720575940634396863 720575940606149321 22
720575940634396863 720575940608545219 22
720575940634396863 720575940613170498 21
720575940634396863 720575940616054843 11
720575940634396863 720575940617362772 5
720575940634396863 720575940618183765 9
720575940634396863 720575940618364480 27
720575940634396863 720575940620356545 29
720575940634396863 720575940624463242 5
720575940634396863 720575940628865644 23
720575940634396863 720575940629373687 10
720575940634396863 720575940629430978 9
720575940634396863 720575940630311383 5
720575940634396863 720575940630396022 10
720575940634396863 720575940639417728 7
720575940634458719 720575940613867938 11
720575940634458719 720575940613941618 5
720575940634458719 720575940620369517 5
720575940634458719 720575940620476381 11
720575940634458719 720575940621067204 6
720575940634458719 720575940624457412 22
720575940634458719 720575940625912871 17
720575940634458719 720575940626783065 18
720575940634458719 720575940627439592 5
720575940634458719 720575940627796298 23
720575940634458719 720575940628139975 14
720575940634458719 720575940628403791 31
720575940634458719 720575940628538732 5
720575940634458719 720575940629256779 8
720575940634458719 720575940631244335 28
720575940634458719 720575940631343185 19
720575940634458719 720575940631947095 5
720575940634458719 720575940644639342 27
720575940634474894 720575940618364480 6
720575940634474894 720575940625518736 5
720575940634474894 720575940628706325 38
720575940634474894 720575940631022336 5
720575940634474894 720575940644639342 5
720575940634750871 720575940627750216 5
720575940634750871 720575940627790991 10
720575940634750871 720575940628403791 39
720575940634750871 720575940629594106 5
720575940634750871 720575940635106202 35
720575940634750871 720575940639355008 13
720575940634751918 720575940624336647 5
720575940634751918 720575940626139175 34
720575940634751918 720575940627111752 16
720575940634751918 720575940635967886 14
720575940634751918 720575940639417728 25
720575940634823449 720575940613418547 5
720575940634823449 720575940617245652 34
720575940634823449 720575940619688688 7
720575940634823449 720575940620943969 9
720575940634823449 720575940626663953 11
720575940634823449 720575940628429626 14
720575940634823449 720575940630095045 8
720575940634823449 720575940634751918 6
720575940634823449 720575940634829168 11
720575940634823449 720575940635403230 18
720575940634823449 720575940635967886 23
720575940634823449 720575940637755507 18
720575940634823449 720575940644506222 17
720575940634829168 720575940604445868 14
720575940634829168 720575940609996773 9
720575940634829168 720575940611401709 27
720575940634829168 720575940613034602 24
720575940634829168 720575940613170498 10
720575940634829168 720575940613867938 15
720575940634829168 720575940614265827 13
720575940634829168 720575940615592409 5
720575940634829168 720575940616079188 11
720575940634829168 720575940617034398 16
720575940634829168 720575940619688688 5
720575940634829168 720575940620356545 6
720575940634829168 720575940620931348 10
720575940634829168 720575940622709287 9
720575940634829168 720575940623725972 22
720575940634829168 720575940624463242 9
720575940634829168 720575940626201372 12
720575940634829168 720575940626295326 11
720575940634829168 720575940626663953 42
720575940634829168 720575940626793831 15
720575940634829168 720575940628218844 8
720575940634829168 720575940628403791 6
720575940634829168 720575940628520812 14
720575940634829168 720575940630344396 7
720575940634829168 720575940632723938 8
720575940634829168 720575940632807193 10
720575940634829168 720575940633300148 17
720575940634829168 720575940636471408 16
720575940634829168 720575940637834301 8
720575940634829168 720575940640176848 43
720575940634829168 720575940640992731 6
720575940634829168 720575940641972384 6
720575940634829168 720575940644506222 34
720575940634829168 720575940646518382 30
720575940634862943 720575940624463242 7
720575940634866586 720575940620203502 21
720575940634866586 720575940620356545 5
720575940634866586 720575940620369517 10
720575940634866586 720575940624409575 19
720575940634866586 720575940624463242 13
720575940634866586 720575940626783065 34
720575940634866586 720575940629430978 5
720575940634866586 720575940635837797 5
720575940634866586 720575940646518382 7
720575940635106202 720575940602120928 22
720575940635106202 720575940602483424 5
720575940635106202 720575940606446770 8
720575940635106202 720575940609996773 12
720575940635106202 720575940613034602 7
720575940635106202 720575940613867938 78
720575940635106202 720575940613941618 5
720575940635106202 720575940614987276 8
720575940635106202 720575940615281862 37
720575940635106202 720575940617034398 21
720575940635106202 720575940617653277 10
720575940635106202 720575940618340057 17
720575940635106202 720575940619822784 15
720575940635106202 720575940621264809 13
720575940635106202 720575940621347092 6
720575940635106202 720575940622709287 14
720575940635106202 720575940624662508 37
720575940635106202 720575940626295326 15
720575940635106202 720575940626663953 25
720575940635106202 720575940626783065 31
720575940635106202 720575940627750216 35
720575940635106202 720575940627796298 32
720575940635106202 720575940627850618 14
720575940635106202 720575940628403791 11
720575940635106202 720575940628641127 5
720575940635106202 720575940629244357 5
720575940635106202 720575940629249783 8
720575940635106202 720575940631427409 18
720575940635106202 720575940632522848 15
720575940635106202 720575940632723938 19
720575940635106202 720575940634750871 31
720575940635106202 720575940635678871 47
720575940635106202 720575940636471408 28
720575940635106202 720575940640678352 5
720575940635106202 720575940641972384 47
720575940635106202 720575940644361582 8
720575940635130905 720575940606149321 6
720575940635130905 720575940608763512 23
720575940635130905 720575940612138792 19
720575940635130905 720575940624463242 5
720575940635189134 720575940605302974 9
720575940635189134 720575940613170498 10
720575940635189134 720575940618364480 7
720575940635189134 720575940618984475 16
720575940635189134 720575940620203502 13
720575940635189134 720575940620356545 23
720575940635189134 720575940623531301 5
720575940635189134 720575940629430978 40
720575940635189134 720575940634866586 10
720575940635189134 720575940646518382 12
720575940635202204 720575940624409575 24
720575940635202204 720575940628706325 12
720575940635211768 720575940604470240 6
720575940635211768 720575940608763512 10
720575940635211768 720575940610357458 5
720575940635211768 720575940610455781 11
720575940635211768 720575940612138792 7
720575940635211768 720575940618165393 5
720575940635211768 720575940618364480 11
720575940635211768 720575940621431492 6
720575940635211768 720575940622998627 7
720575940635211768 720575940624394790 41
720575940635211768 720575940626885124 5
720575940635211768 720575940630057979 5
720575940635211768 720575940632522848 7
720575940635211768 720575940633205295 6
720575940635211768 720575940634866586 14
720575940635403230 720575940604445868 11
720575940635403230 720575940609996773 6
720575940635403230 720575940611401709 28
720575940635403230 720575940613034602 31
720575940635403230 720575940613706546 8
720575940635403230 720575940613867938 26
720575940635403230 720575940614265827 21
720575940635403230 720575940615894877 5
720575940635403230 720575940616079188 21
720575940635403230 720575940617034398 14
720575940635403230 720575940618475101 5
720575940635403230 720575940620931348 13
720575940635403230 720575940622709287 6
720575940635403230 720575940623725972 18
720575940635403230 720575940624463242 8
720575940635403230 720575940626201372 11
720575940635403230 720575940626295326 17
720575940635403230 720575940626663953 48
720575940635403230 720575940626793831 9
720575940635403230 720575940628218844 9
720575940635403230 720575940628403791 6
720575940635403230 720575940628520812 19
720575940635403230 720575940630344396 6
720575940635403230 720575940632522848 5
720575940635403230 720575940632723938 13
720575940635403230 720575940633300148 22
720575940635403230 720575940634829168 8
720575940635403230 720575940636471408 6
720575940635403230 720575940640176848 56
720575940635403230 720575940640992731 13
720575940635403230 720575940644506222 35
720575940635403230 720575940646518382 29
720575940635640312 720575940602120928 5
720575940635640312 720575940604470240 7
720575940635640312 720575940606149321 5
720575940635640312 720575940613034602 5
720575940635640312 720575940615635037 5
720575940635640312 720575940615950453 9
720575940635640312 720575940618984475 8
720575940635640312 720575940624394790 5
720575940635640312 720575940626201372 12
720575940635640312 720575940627719294 5
720575940635640312 720575940629430978 5
720575940635640312 720575940632807193 6
720575940635640312 720575940635678871 5
720575940635678871 720575940602120928 6
720575940635678871 720575940606446770 15
720575940635678871 720575940614987276 6
720575940635678871 720575940615950453 7
720575940635678871 720575940618984475 30
720575940635678871 720575940619847533 8
720575940635678871 720575940620203502 6
720575940635678871 720575940621264809 8
720575940635678871 720575940626201372 27
720575940635678871 720575940626295326 5
720575940635678871 720575940627796298 168
720575940635678871 720575940627850618 5
720575940635678871 720575940628403791 8
720575940635678871 720575940631427409 5
720575940635678871 720575940634458719 13
720575940635678871 720575940635640312 29
720575940635678871 720575940636471408 6
720575940635678871 720575940641193717 45
720575940635678871 720575940642331533 10
720575940635678871 720575940644361582 13
720575940635678871 720575940650929273 19
720575940635754853 720575940602120928 15
720575940635754853 720575940610140309 6
720575940635754853 720575940611401709 22
720575940635754853 720575940613867938 47
720575940635754853 720575940616502109 40
720575940635754853 720575940617653277 18
720575940635754853 720575940619675712 6
720575940635754853 720575940620931348 30
720575940635754853 720575940621147588 12
720575940635754853 720575940622233699 6
720575940635754853 720575940622266236 5
720575940635754853 720575940622304243 5
720575940635754853 720575940623256202 11
720575940635754853 720575940623437180 41
720575940635754853 720575940623957173 6
720575940635754853 720575940624394790 9
720575940635754853 720575940624407944 6
720575940635754853 720575940624662508 11
720575940635754853 720575940624698170 15
720575940635754853 720575940625226506 13
720575940635754853 720575940626201372 76
720575940635754853 720575940626663953 55
720575940635754853 720575940627208168 14
720575940635754853 720575940627796298 12
720575940635754853 720575940627850618 13
720575940635754853 720575940628403791 60
720575940635754853 720575940628538732 17
720575940635754853 720575940628916791 7
720575940635754853 720575940629407020 19
720575940635754853 720575940632228433 8
720575940635754853 720575940632522848 7
720575940635754853 720575940634458719 6
720575940635754853 720575940634829168 12
720575940635754853 720575940635403230 13
720575940635754853 720575940635678871 37
720575940635754853 720575940636471408 9
720575940635754853 720575940636573108 12
720575940635754853 720575940640992731 22
720575940635754853 720575940641193717 9
720575940635754853 720575940644252951 45
720575940635754853 720575940644259876 20
720575940635967886 720575940604938342 19
720575940635967886 720575940605074278 7
720575940635967886 720575940606149321 138
720575940635967886 720575940607262219 7
720575940635967886 720575940608545219 285
720575940635967886 720575940610455781 7
720575940635967886 720575940615168985 18
720575940635967886 720575940615592409 6
720575940635967886 720575940615592961 5
720575940635967886 720575940616054843 11
720575940635967886 720575940616451909 10
720575940635967886 720575940617245652 232
720575940635967886 720575940617362772 11
720575940635967886 720575940618183765 7
720575940635967886 720575940618932763 8
720575940635967886 720575940620356545 27
720575940635967886 720575940620356557 5
720575940635967886 720575940620565057 6
720575940635967886 720575940620931348 6
720575940635967886 720575940620943969 130
720575940635967886 720575940621431492 7
720575940635967886 720575940621870204 8
720575940635967886 720575940622503133 9
720575940635967886 720575940624068028 23
720575940635967886 720575940624463242 6
720575940635967886 720575940624615462 9
720575940635967886 720575940625226506 9
720575940635967886 720575940625518736 75
720575940635967886 720575940627662279 6
720575940635967886 720575940627719294 26
720575940635967886 720575940627776506 9
720575940635967886 720575940628112231 6
720575940635967886 720575940628837650 15
720575940635967886 720575940628865644 25
720575940635967886 720575940629373687 19
720575940635967886 720575940630311383 9
720575940635967886 720575940630396022 6
720575940635967886 720575940631179807 7
720575940635967886 720575940632472850 20
720575940635967886 720575940632807193 44
720575940635967886 720575940634396863 19
720575940635967886 720575940637175349 5
720575940635967886 720575940638870360 5
720575940635967886 720575940639417728 11
720575940635967886 720575940643754862 19
720575940636444742 720575940629256779 28
720575940636471408 720575940608082990 5
720575940636471408 720575940613867938 15
720575940636471408 720575940620203502 6
720575940636471408 720575940623725972 6
720575940636471408 720575940626201372 27
720575940636471408 720575940626885124 5
720575940636471408 720575940627850618 6
720575940636471408 720575940628538732 9
720575940636471408 720575940629133052 8
720575940636471408 720575940632011420 5
720575940636471408 720575940632522848 5
720575940636471408 720575940634458719 14
720575940636471408 720575940635640312 5
720575940636471408 720575940636573108 8
720575940636471408 720575940641972384 12
720575940636471408 720575940646518382 6
720575940636573108 720575940607262219 12
720575940636573108 720575940609996773 5
720575940636573108 720575940612149362 23
720575940636573108 720575940613418547 6
720575940636573108 720575940613867938 5
720575940636573108 720575940615592961 18
720575940636573108 720575940620943969 74
720575940636573108 720575940624463242 16
720575940636573108 720575940624615462 18
720575940636573108 720575940624698170 5
720575940636573108 720575940628112231 36
720575940636573108 720575940628403791 103
720575940636573108 720575940629249783 9
720575940636573108 720575940629256779 31
720575940636573108 720575940630344396 10
720575940636573108 720575940630548035 8
720575940636573108 720575940630733884 6
720575940636573108 720575940631022336 6
720575940636573108 720575940631179807 13
720575940636573108 720575940631947095 8
720575940636573108 720575940635106202 12
720575940636573108 720575940639355008 17
720575940636573108 720575940643826212 6
720575940636705502 720575940613170498 12
720575940636705502 720575940617245652 6
720575940636705502 720575940619415679 5
720575940636705502 720575940620931348 6
720575940636705502 720575940621608330 6
720575940636705502 720575940623725972 11
720575940636705502 720575940633300148 10
720575940636705502 720575940640176848 7
720575940636910825 720575940607262219 6
720575940636910825 720575940615168985 5
720575940636910825 720575940617245652 9
720575940636910825 720575940618364480 5
720575940636910825 720575940618932763 6
720575940636910825 720575940620356545 8
720575940636910825 720575940623957173 7
720575940636910825 720575940624463242 5
720575940636910825 720575940632807193 7
720575940636910825 720575940639220550 6
720575940637064926 720575940605074278 6
720575940637064926 720575940607262219 24
720575940637064926 720575940610455781 5
720575940637064926 720575940610653462 8
720575940637064926 720575940615168985 14
720575940637064926 720575940619688688 6
720575940637064926 720575940621431492 15
720575940637064926 720575940625600284 18
720575940637064926 720575940627670032 8
720575940637064926 720575940628837650 19
720575940637064926 720575940630311383 11
720575940637064926 720575940630344396 7
720575940637064926 720575940630396022 12
720575940637064926 720575940630548035 5
720575940637064926 720575940630733884 35
720575940637064926 720575940632472850 7
720575940637064926 720575940632807193 63
720575940637064926 720575940635967886 13
720575940637064926 720575940636910825 7
720575940637064926 720575940637175349 16
720575940637064926 720575940639417728 6
720575940637118527 720575940604938342 5
720575940637118527 720575940608545219 7
720575940637118527 720575940610228344 29
720575940637118527 720575940622843530 9
720575940637118527 720575940632472850 8
720575940637118527 720575940632807193 6
720575940637118527 720575940635967886 16
720575940637118527 720575940637755507 7
720575940637118527 720575940640406094 22
720575940637175349 720575940605074278 18
720575940637175349 720575940607262219 10
720575940637175349 720575940610653462 30
720575940637175349 720575940615592409 8
720575940637175349 720575940617034398 5
720575940637175349 720575940617362772 5
720575940637175349 720575940618475101 7
720575940637175349 720575940620356545 11
720575940637175349 720575940620943969 22
720575940637175349 720575940624004535 8
720575940637175349 720575940624463242 11
720575940637175349 720575940625518736 11
720575940637175349 720575940628837650 10
720575940637175349 720575940630548035 25
720575940637175349 720575940630733884 15
720575940637175349 720575940632472850 35
720575940637175349 720575940632807193 38
720575940637175349 720575940635967886 5
720575940637175349 720575940638095293 5
720575940637175349 720575940641450656 5
720575940637175349 720575940644639342 7
720575940637320567 720575940605302974 9
720575940637320567 720575940608683477 6
720575940637320567 720575940618475101 6
720575940637320567 720575940618984475 14
720575940637320567 720575940620203502 5
720575940637320567 720575940620356545 13
720575940637320567 720575940623725972 8
720575940637320567 720575940624004535 8
720575940637320567 720575940624463242 7
720575940637320567 720575940629430978 11
720575940637320567 720575940632011420 6
720575940637320567 720575940632472850 5
720575940637320567 720575940633300148 5
720575940637320567 720575940634866586 5
720575940637320567 720575940638095293 6
720575940637320567 720575940639331829 9
720575940637320567 720575940640176848 7
720575940637320567 720575940641450656 6
720575940637755507 720575940606149321 40
720575940637755507 720575940608545219 10
720575940637755507 720575940616451909 12
720575940637755507 720575940617245652 19
720575940637755507 720575940620943969 13
720575940637755507 720575940628865644 9
720575940637755507 720575940629211847 5
720575940637755507 720575940635967886 5
720575940637826118 720575940602120928 7
720575940637826118 720575940604445868 8
720575940637826118 720575940604470240 5
720575940637826118 720575940613867938 7
720575940637826118 720575940623957173 10
720575940637826118 720575940624662508 10
720575940637826118 720575940627750216 7
720575940637826118 720575940627796298 16
720575940637826118 720575940632522848 8
720575940637826118 720575940634458719 8
720575940637826118 720575940634750871 5
720575940637826118 720575940635211768 5
720575940637826118 720575940636471408 10
720575940637826118 720575940646518382 7
720575940637834301 720575940604445868 6
720575940637834301 720575940613034602 15
720575940637834301 720575940613170498 6
720575940637834301 720575940617034398 13
720575940637834301 720575940620203502 11
720575940637834301 720575940620356557 6
720575940637834301 720575940624407944 12
720575940637834301 720575940626201372 9
720575940637834301 720575940628218844 6
720575940637834301 720575940630344396 7
720575940637834301 720575940633300148 6
720575940637834301 720575940646518382 13
720575940637836477 720575940621431492 5
720575940637836477 720575940636910825 5
720575940637836477 720575940640992731 6
720575940638095293 720575940602120928 9
720575940638095293 720575940604445868 7
720575940638095293 720575940605074278 13
720575940638095293 720575940605302974 20
720575940638095293 720575940606149321 16
720575940638095293 720575940608545219 25
720575940638095293 720575940610455781 12
720575940638095293 720575940610653462 7
720575940638095293 720575940612479850 10
720575940638095293 720575940613034602 8
720575940638095293 720575940613867938 15
720575940638095293 720575940615592409 8
720575940638095293 720575940615592961 21
720575940638095293 720575940617034398 22
720575940638095293 720575940617362772 7
720575940638095293 720575940618475101 35
720575940638095293 720575940618984475 32
720575940638095293 720575940619302640 8
720575940638095293 720575940619675712 11
720575940638095293 720575940619688688 7
720575940638095293 720575940620203502 75
720575940638095293 720575940620356557 5
720575940638095293 720575940620931348 5
720575940638095293 720575940620943969 7
720575940638095293 720575940621431492 25
720575940638095293 720575940623725972 13
720575940638095293 720575940624394790 16
720575940638095293 720575940624407944 6
720575940638095293 720575940624463242 10
720575940638095293 720575940624662508 15
720575940638095293 720575940626201372 88
720575940638095293 720575940626793831 14
720575940638095293 720575940628112231 16
720575940638095293 720575940628218844 19
720575940638095293 720575940628837650 14
720575940638095293 720575940628865644 60
720575940638095293 720575940628916791 11
720575940638095293 720575940629430978 18
720575940638095293 720575940630057979 32
720575940638095293 720575940630548035 16
720575940638095293 720575940631179807 7
720575940638095293 720575940632522848 18
720575940638095293 720575940633300148 25
720575940638095293 720575940636471408 13
720575940638095293 720575940636573108 10
720575940638095293 720575940636910825 5
720575940638095293 720575940637175349 12
720575940638095293 720575940637320567 6
720575940638095293 720575940641972384 18
720575940638870360 720575940604088288 31
720575940638870360 720575940618932763 5
720575940638870360 720575940625518736 10
720575940638870360 720575940626783065 33
720575940638870360 720575940627796298 6
720575940639011160 720575940618932763 5
720575940639011160 720575940620931348 5
720575940639011160 720575940623957173 7
720575940639011160 720575940630344396 5
720575940639220550 720575940610455781 5
720575940639220550 720575940613034602 11
720575940639220550 720575940617034398 16
720575940639220550 720575940624698170 5
720575940639220550 720575940634458719 11
720575940639331829 720575940604088288 7
720575940639331829 720575940605302974 7
720575940639331829 720575940612479850 8
720575940639331829 720575940618364480 11
720575940639331829 720575940620356545 24
720575940639331829 720575940624463242 17
720575940639331829 720575940632472850 24
720575940639355008 720575940607262219 19
720575940639355008 720575940608082990 8
720575940639355008 720575940608545219 80
720575940639355008 720575940613941618 7
720575940639355008 720575940618475101 5
720575940639355008 720575940620943969 63
720575940639355008 720575940623725972 5
720575940639355008 720575940626885124 5
720575940639355008 720575940627111752 14
720575940639355008 720575940627796298 109
720575940639355008 720575940627899751 10
720575940639355008 720575940628403791 16
720575940639355008 720575940629192975 7
720575940639355008 720575940631947095 15
720575940639355008 720575940632472850 7
720575940639355008 720575940633300148 6
720575940639355008 720575940635967886 7
720575940639355008 720575940638095293 7
720575940639417728 720575940604938342 8
720575940639417728 720575940606149321 29
720575940639417728 720575940608545219 162
720575940639417728 720575940616054843 8
720575940639417728 720575940618183765 18
720575940639417728 720575940620943969 9
720575940639417728 720575940627084905 8
720575940639417728 720575940627719294 10
720575940639417728 720575940628865644 18
720575940639417728 720575940629373687 7
720575940639417728 720575940629407020 6
720575940639417728 720575940629430978 20
720575940639417728 720575940632472850 18
720575940639417728 720575940639331829 5
720575940639417728 720575940643754862 11
720575940639417728 720575940652283126 5
720575940639781027 720575940616664550 6
720575940639781027 720575940617024562 9
720575940639781027 720575940624394790 5
720575940639781027 720575940625323620 11
720575940639781027 720575940625988227 9
720575940639781027 720575940629430978 13
720575940639781027 720575940631179807 5
720575940639781027 720575940634474894 5
720575940639781027 720575940644639342 17
720575940640176848 720575940605074278 24
720575940640176848 720575940610455781 8
720575940640176848 720575940610653462 10
720575940640176848 720575940613170498 20
720575940640176848 720575940617362772 13
720575940640176848 720575940618475101 55
720575940640176848 720575940619302640 6
720575940640176848 720575940619675712 11
720575940640176848 720575940620203502 6
720575940640176848 720575940620356557 10
720575940640176848 720575940620931348 16
720575940640176848 720575940623725972 25
720575940640176848 720575940624004535 8
720575940640176848 720575940624068028 5
720575940640176848 720575940624407944 9
720575940640176848 720575940624463242 6
720575940640176848 720575940626793831 7
720575940640176848 720575940627670032 10
720575940640176848 720575940627681406 7
720575940640176848 720575940627719294 19
720575940640176848 720575940628538732 10
720575940640176848 720575940630057979 8
720575940640176848 720575940630344396 8
720575940640176848 720575940630548035 23
720575940640176848 720575940631179807 9
720575940640176848 720575940632522848 11
720575940640176848 720575940633300148 20
720575940640176848 720575940636573108 22
720575940640176848 720575940636910825 11
720575940640176848 720575940638095293 55
720575940640176848 720575940640992731 5
720575940640176848 720575940644639342 8
720575940640406094 720575940604088288 7
720575940640406094 720575940606149321 61
720575940640406094 720575940608545219 24
720575940640406094 720575940617245652 9
720575940640406094 720575940618932763 12
720575940640406094 720575940620943969 14
720575940640406094 720575940627719294 5
720575940640406094 720575940628865644 12
720575940640406094 720575940632472850 7
720575940640406094 720575940639417728 5
720575940640678352 720575940608082990 6
720575940640678352 720575940613867938 8
720575940640678352 720575940614265827 8
720575940640678352 720575940615281862 8
720575940640678352 720575940616079188 11
720575940640678352 720575940616502109 7
720575940640678352 720575940622709287 9
720575940640678352 720575940626201372 59
720575940640678352 720575940626295326 17
720575940640678352 720575940626663953 40
720575940640678352 720575940627796298 168
720575940640678352 720575940628403791 18
720575940640678352 720575940628505873 21
720575940640678352 720575940628520812 5
720575940640678352 720575940628793621 15
720575940640678352 720575940629407020 5
720575940640678352 720575940631427409 36
720575940640678352 720575940632723938 14
720575940640678352 720575940634371941 14
720575940640678352 720575940634458719 17
720575940640678352 720575940641193717 26
720575940640678352 720575940644252951 6
720575940640678352 720575940644361582 7
720575940640992731 720575940605074278 6
720575940640992731 720575940607262219 10
720575940640992731 720575940615168985 5
720575940640992731 720575940615950453 5
720575940640992731 720575940618364480 12
720575940640992731 720575940624407944 9
720575940640992731 720575940624698170 16
720575940640992731 720575940625518736 11
720575940640992731 720575940626201372 6
720575940640992731 720575940628403791 15
720575940640992731 720575940628538732 11
720575940640992731 720575940628865644 10
720575940640992731 720575940630548035 7
720575940640992731 720575940631947095 11
720575940640992731 720575940634866586 5
720575940640992731 720575940636573108 19
720575940640992731 720575940639331829 13
720575940641141237 720575940630396022 42
720575940641193717 720575940606149321 6
720575940641193717 720575940615950453 17
720575940641193717 720575940618984475 11
720575940641193717 720575940623598058 29
720575940641193717 720575940624004535 11
720575940641193717 720575940626201372 71
720575940641193717 720575940627796298 26
720575940641193717 720575940628865644 28
720575940641193717 720575940629430978 14
720575940641193717 720575940635640312 7
720575940641193717 720575940650929273 5
720575940641450656 720575940612479850 5
720575940641450656 720575940615592409 6
720575940641450656 720575940617362772 10
720575940641450656 720575940620356557 5
720575940641450656 720575940624463242 5
720575940641450656 720575940627719294 5
720575940641450656 720575940638095293 5
720575940641450656 720575940644639342 5
720575940641972384 720575940602120928 13
720575940641972384 720575940610359758 7
720575940641972384 720575940610373326 9
720575940641972384 720575940613034602 6
720575940641972384 720575940613867938 21
720575940641972384 720575940617034398 11
720575940641972384 720575940617362772 5
720575940641972384 720575940620424472 8
720575940641972384 720575940624394790 15
720575940641972384 720575940624662508 11
720575940641972384 720575940625518736 7
720575940641972384 720575940626201372 13
720575940641972384 720575940626663953 6
720575940641972384 720575940629133052 5
720575940641972384 720575940634458719 15
720575940641972384 720575940636471408 18
720575940641972384 720575940636573108 9
720575940641972384 720575940646518382 5
720575940642198491 720575940613867938 8
720575940642198491 720575940617333976 9
720575940642198491 720575940620356545 34
720575940642198491 720575940626656010 5
720575940642198491 720575940632472850 11
720575940642198491 720575940632807193 16
720575940642198491 720575940646518382 16
720575940642331533 720575940626201372 29
720575940642331533 720575940626663953 10
720575940642331533 720575940627796298 6
720575940642331533 720575940628865644 7
720575940642331533 720575940638095293 8
720575940642331533 720575940646518382 7
720575940642401060 720575940606149321 11
720575940642401060 720575940617110555 11
720575940642401060 720575940617362772 7
720575940642401060 720575940618248129 6
720575940642401060 720575940620356557 8
720575940642401060 720575940621870204 7
720575940642401060 720575940624463242 6
720575940642401060 720575940626579333 9
720575940642401060 720575940627111752 8
720575940642401060 720575940627776506 5
720575940642401060 720575940628865644 9
720575940642401060 720575940634396863 9
720575940642401060 720575940636705502 8
720575940643754862 720575940604938342 8
720575940643754862 720575940606149321 10
720575940643754862 720575940608545219 17
720575940643754862 720575940617245652 25
720575940643754862 720575940618932763 10
720575940643754862 720575940624068028 11
720575940643754862 720575940624463242 9
720575940643754862 720575940625518736 7
720575940643754862 720575940628865644 20
720575940643754862 720575940630344396 6
720575940643754862 720575940632472850 27
720575940643754862 720575940632807193 9
720575940643826212 720575940602483424 5
720575940643826212 720575940607800242 6
720575940643826212 720575940612149362 13
720575940643826212 720575940615592961 18
720575940643826212 720575940616951739 16
720575940643826212 720575940618831576 6
720575940643826212 720575940619592768 13
720575940643826212 720575940620943969 7
720575940643826212 720575940624463242 6
720575940643826212 720575940624615462 11
720575940643826212 720575940627111752 16
720575940643826212 720575940628112231 29
720575940643826212 720575940628350567 7
720575940643826212 720575940628403791 30
720575940643826212 720575940628463468 5
720575940643826212 720575940629256779 14
720575940643826212 720575940630396022 6
720575940643826212 720575940635106202 5
720575940643826212 720575940639355008 36
720575940644252951 720575940613941618 7
720575940644252951 720575940616502109 8
720575940644252951 720575940623437180 7
720575940644252951 720575940623957173 6
720575940644252951 720575940626201372 53
720575940644252951 720575940627796298 40
720575940644252951 720575940634458719 5
720575940644252951 720575940636471408 5
720575940644252951 720575940644259876 6
720575940644259876 720575940613941618 5
720575940644259876 720575940614265827 6
720575940644259876 720575940616502109 8
720575940644259876 720575940623437180 29
720575940644259876 720575940623725972 5
720575940644259876 720575940626201372 58
720575940644259876 720575940627796298 18
720575940644259876 720575940636471408 9
720575940644259876 720575940644252951 12
720575940644361582 720575940610357458 18
720575940644361582 720575940610359758 5
720575940644361582 720575940613941618 17
720575940644361582 720575940624407944 12
720575940644361582 720575940626783065 6
720575940644361582 720575940627578615 6
720575940644361582 720575940627796298 39
720575940644361582 720575940628403791 42
720575940644361582 720575940628505873 5
720575940644506222 720575940606149321 5
720575940644506222 720575940623437180 9
720575940644506222 720575940626295326 6
720575940644506222 720575940626663953 5
720575940644506222 720575940628403791 6
720575940644506222 720575940628505873 5
720575940644506222 720575940628865644 6
720575940644506222 720575940632723938 9
720575940644506222 720575940635403230 6
720575940644506222 720575940644252951 13
720575940644506222 720575940644259876 10
720575940644639342 720575940613867938 6
720575940644639342 720575940617024562 5
720575940644639342 720575940618165393 5
720575940644639342 720575940624463242 14
720575940644639342 720575940628403791 9
720575940644639342 720575940628706325 11
720575940644639342 720575940630644727 28
720575940644639342 720575940637836477 5
720575940645345134 720575940606446770 12
720575940645345134 720575940619847533 5
720575940645345134 720575940626201372 13
720575940645345134 720575940627796298 103
720575940645345134 720575940630046767 7
720575940645345134 720575940634458719 26
720575940645345134 720575940635640312 6
720575940645445156 720575940618165393 6
720575940645445156 720575940622266236 5
720575940645445156 720575940646518382 17
720575940646518382 720575940609996773 12
720575940646518382 720575940618984475 7
720575940646518382 720575940620203502 14
720575940646518382 720575940620356545 13
720575940646518382 720575940624457412 5
720575940646518382 720575940624463242 13
720575940646518382 720575940626783065 6
720575940646518382 720575940628916791 6
720575940646518382 720575940629133052 6
720575940646518382 720575940629244357 18
720575940646518382 720575940631947095 5
720575940646518382 720575940634866586 8
720575940646518382 720575940637834301 26
720575940646518382 720575940639220550 6
720575940649591673 720575940624394790 109
720575940649591673 720575940628139975 6
720575940649591673 720575940631022336 27
720575940649591673 720575940631244335 6
720575940649591673 720575940633744791 7
720575940649591673 720575940644639342 5
720575940649591673 720575940645445156 22
720575940650929273 720575940602120928 5
720575940650929273 720575940609996773 5
720575940650929273 720575940612153746 6
720575940650929273 720575940612710883 10
720575940650929273 720575940613113325 7
720575940650929273 720575940613941618 6
720575940650929273 720575940615950453 9
720575940650929273 720575940618165393 5
720575940650929273 720575940618984475 9
720575940650929273 720575940620369517 5
720575940650929273 720575940626201372 23
720575940650929273 720575940626783065 13
720575940650929273 720575940627439592 7
720575940650929273 720575940629594106 6
720575940650929273 720575940632723938 6
720575940650929273 720575940634458719 5
720575940650929273 720575940634866586 12
720575940650929273 720575940635106202 7
720575940650929273 720575940635211768 5
720575940650929273 720575940635403230 7
720575940650929273 720575940635640312 5
720575940650929273 720575940635678871 5
720575940650929273 720575940641193717 9
720575940650929273 720575940644639342 6
720575940650929273 720575940646518382 11
720575940652283126 720575940605074278 8
720575940652283126 720575940606149321 39
720575940652283126 720575940608545219 60
720575940652283126 720575940620943969 62
720575940652283126 720575940624463242 5
720575940652283126 720575940627111752 6
720575940652283126 720575940627307194 5
720575940652283126 720575940627578615 9
720575940652283126 720575940628112231 5
720575940652283126 720575940630311383 84
720575940654220193 720575940602120928 18
720575940654220193 720575940604445868 14
720575940654220193 720575940613034602 24
720575940654220193 720575940613867938 43
720575940654220193 720575940615281862 16
720575940654220193 720575940617034398 20
720575940654220193 720575940617653277 21
720575940654220193 720575940621264809 22
720575940654220193 720575940623725972 21
720575940654220193 720575940623776743 37
720575940654220193 720575940624394790 5
720575940654220193 720575940624662508 24
720575940654220193 720575940624698170 15
720575940654220193 720575940626201372 32
720575940654220193 720575940626663953 18
720575940654220193 720575940627439592 5
720575940654220193 720575940627796298 14
720575940654220193 720575940627850618 51
720575940654220193 720575940628403791 57
720575940654220193 720575940629244357 5
720575940654220193 720575940629407020 5
720575940654220193 720575940631947095 14
720575940654220193 720575940633300148 26
720575940654220193 720575940635106202 33
720575940654220193 720575940636471408 40
720575940654220193 720575940640176848 38
720575940654220193 720575940641972384 27
720575940654220193 720575940642331533 6
720575940654220193 720575940644506222 10
